customer_id,recency,frequency,monetary_value,Cluster,customer_title
1,8,11,3018,1,Champion
2,129,3,2226,0,Need Attention
5,17,6,2394,1,Champion
8,23,9,5364,3,Loyal
9,79,6,2353,3,Loyal
12,68,7,3540,3,Loyal
13,28,7,4337,3,Loyal
14,48,3,1713,0,Need Attention
15,36,6,1728,0,Need Attention
16,100,5,4521,3,Loyal
17,1,5,2015,1,Champion
18,135,7,3543,3,Loyal
19,281,2,1736,0,Need Attention
20,32,4,3608,0,Need Attention
21,7,5,4229,1,Champion
24,18,7,3689,1,Champion
25,6,12,5333,1,Champion
26,260,2,268,2,Lost
27,144,7,3274,3,Loyal
28,84,6,3366,3,Loyal
29,23,9,6175,3,Loyal
31,90,4,426,2,Lost
32,139,7,2823,3,Loyal
33,39,6,5150,3,Loyal
35,93,4,3706,0,Need Attention
36,164,2,204,2,Lost
37,8,9,6338,1,Champion
38,51,4,2025,0,Need Attention
39,35,12,6085,3,Loyal
40,15,5,3272,1,Champion
41,30,8,4531,3,Loyal
42,112,4,427,2,Lost
43,62,9,3619,3,Loyal
44,36,7,4768,3,Loyal
45,44,3,1048,0,Need Attention
47,36,7,4332,3,Loyal
48,83,8,5561,3,Loyal
49,37,4,2636,0,Need Attention
50,27,7,4153,3,Loyal
51,56,8,4855,3,Loyal
53,8,5,2950,1,Champion
54,68,7,4098,3,Loyal
55,47,8,3220,3,Loyal
56,3,7,1275,1,Champion
57,36,6,5117,3,Loyal
58,21,8,3501,3,Loyal
59,23,3,2628,0,Need Attention
61,48,6,4254,3,Loyal
63,69,3,2190,0,Need Attention
64,4,5,546,1,Champion
65,137,5,3799,3,Loyal
66,44,4,3333,0,Need Attention
67,117,5,1203,0,Need Attention
68,85,3,3842,0,Need Attention
69,21,6,5294,3,Loyal
70,5,5,2736,1,Champion
71,132,1,155,2,Lost
72,23,4,2559,0,Need Attention
73,169,6,2316,0,Need Attention
75,61,8,4979,3,Loyal
76,2,8,2868,1,Champion
77,102,3,1657,0,Need Attention
78,212,2,82,2,Lost
79,48,5,1860,0,Need Attention
80,29,10,5988,3,Loyal
82,79,5,2924,0,Need Attention
83,81,6,1798,0,Need Attention
84,29,7,2295,3,Loyal
85,38,6,563,0,Need Attention
86,1,9,2360,1,Champion
87,19,9,3740,3,Loyal
88,75,6,2534,3,Loyal
89,5,9,5779,1,Champion
90,31,7,2990,3,Loyal
91,10,8,5242,1,Champion
92,35,3,2967,0,Need Attention
93,80,3,2976,0,Need Attention
94,34,7,4902,3,Loyal
95,39,4,3050,0,Need Attention
96,71,3,1135,0,Need Attention
97,103,8,4911,3,Loyal
98,142,4,1620,0,Need Attention
99,3,9,4557,1,Champion
100,12,2,877,2,Lost
101,9,4,2589,1,Champion
102,43,7,2587,3,Loyal
103,117,4,895,0,Need Attention
104,65,7,3112,3,Loyal
105,90,4,3475,0,Need Attention
106,2,3,2513,1,Champion
107,82,4,2343,0,Need Attention
109,9,10,4430,1,Champion
111,148,4,3014,0,Need Attention
112,48,6,5742,3,Loyal
113,176,5,2200,0,Need Attention
114,71,4,2195,0,Need Attention
115,15,8,3135,1,Champion
116,13,8,2447,1,Champion
117,6,10,6917,1,Champion
118,70,5,3550,3,Loyal
119,31,4,4217,0,Need Attention
120,130,2,869,2,Lost
121,112,4,2892,0,Need Attention
122,9,5,2695,1,Champion
123,192,4,3245,0,Need Attention
124,3,7,4054,1,Champion
125,84,9,3303,3,Loyal
126,12,3,1096,0,Need Attention
127,24,10,3993,3,Loyal
128,138,4,2193,0,Need Attention
129,179,4,2753,0,Need Attention
130,77,2,1779,0,Need Attention
131,206,6,5494,3,Loyal
132,8,6,2780,1,Champion
133,27,5,803,0,Need Attention
134,15,6,2946,1,Champion
135,116,6,3254,3,Loyal
136,21,8,3543,3,Loyal
137,28,5,1496,0,Need Attention
138,65,7,3377,3,Loyal
139,27,9,5161,3,Loyal
140,4,6,2699,1,Champion
141,160,3,2138,0,Need Attention
142,5,11,3917,1,Champion
143,14,4,2474,1,Champion
144,7,8,4888,1,Champion
145,29,7,3140,3,Loyal
146,195,2,217,2,Lost
147,35,6,5034,3,Loyal
148,44,5,3268,3,Loyal
149,19,4,1680,0,Need Attention
150,76,4,2446,0,Need Attention
151,1,7,5665,1,Champion
152,159,2,1966,0,Need Attention
153,65,7,5522,3,Loyal
154,24,5,683,0,Need Attention
155,9,3,1088,0,Need Attention
156,17,5,3095,1,Champion
157,136,2,183,2,Lost
158,66,6,4627,3,Loyal
159,67,6,2935,3,Loyal
160,94,2,2614,0,Need Attention
162,99,3,1329,0,Need Attention
163,115,2,1101,2,Lost
164,199,3,786,2,Lost
165,9,8,6107,1,Champion
166,64,7,4063,3,Loyal
168,137,8,5800,3,Loyal
169,62,3,696,2,Lost
170,335,2,1328,2,Lost
171,19,8,4833,3,Loyal
172,12,7,2348,1,Champion
173,16,9,6549,3,Loyal
174,12,10,7628,1,Champion
175,65,5,2170,0,Need Attention
176,23,4,3025,0,Need Attention
177,38,11,3980,3,Loyal
179,41,3,1814,0,Need Attention
180,12,7,4065,1,Champion
181,51,5,2365,0,Need Attention
182,14,7,5409,1,Champion
183,103,6,3187,3,Loyal
184,33,3,2181,0,Need Attention
186,24,6,2166,3,Loyal
187,15,7,3014,1,Champion
188,16,6,2658,1,Champion
189,4,5,5329,1,Champion
190,208,3,699,2,Lost
191,106,1,834,2,Lost
192,80,4,1519,0,Need Attention
193,25,5,2551,0,Need Attention
194,109,3,2608,0,Need Attention
195,1,7,9633,1,Champion
196,147,8,3738,3,Loyal
198,59,9,6631,3,Loyal
199,16,4,2650,1,Champion
200,8,9,7283,1,Champion
201,29,7,4159,3,Loyal
202,19,3,1295,0,Need Attention
203,12,5,1481,1,Champion
204,28,8,6287,3,Loyal
205,53,9,2008,3,Loyal
206,78,4,3816,0,Need Attention
208,28,5,3342,3,Loyal
209,108,5,3081,0,Need Attention
210,23,6,2957,3,Loyal
211,40,9,4090,3,Loyal
212,188,2,1790,0,Need Attention
213,29,10,7534,3,Loyal
214,57,5,1595,0,Need Attention
215,4,8,3889,1,Champion
216,17,4,2152,0,Need Attention
218,15,4,1476,0,Need Attention
219,41,6,1688,0,Need Attention
220,16,6,4304,1,Champion
221,19,6,3865,1,Champion
222,21,2,1428,0,Need Attention
223,53,6,4082,3,Loyal
224,2,5,2461,1,Champion
225,38,3,1587,0,Need Attention
226,117,2,1173,2,Lost
227,27,5,3906,3,Loyal
228,78,5,3719,3,Loyal
230,37,10,4745,3,Loyal
231,46,4,2344,0,Need Attention
232,142,6,3157,3,Loyal
233,18,6,2187,1,Champion
234,12,9,5763,1,Champion
235,3,11,4685,1,Champion
236,7,4,2434,1,Champion
237,27,8,3635,3,Loyal
238,108,5,3112,0,Need Attention
239,2,9,5928,1,Champion
240,89,5,1893,0,Need Attention
241,48,4,1922,0,Need Attention
242,132,7,2558,3,Loyal
243,75,5,2193,0,Need Attention
245,13,5,2213,1,Champion
246,28,9,3174,3,Loyal
247,113,7,4913,3,Loyal
248,135,6,3059,3,Loyal
249,48,9,2236,3,Loyal
250,32,6,2963,3,Loyal
251,39,4,1210,0,Need Attention
252,63,5,2597,0,Need Attention
253,18,4,1116,0,Need Attention
254,42,7,6780,3,Loyal
255,58,11,6813,3,Loyal
256,1,5,1728,1,Champion
257,93,5,3650,3,Loyal
258,19,5,1642,0,Need Attention
259,28,4,2124,0,Need Attention
260,9,9,3381,1,Champion
261,51,9,4033,3,Loyal
263,47,7,3476,3,Loyal
264,131,3,198,2,Lost
265,80,4,2692,0,Need Attention
266,33,4,1742,0,Need Attention
268,70,4,2713,0,Need Attention
269,169,5,1668,0,Need Attention
270,8,7,4625,1,Champion
271,203,2,1026,2,Lost
272,92,7,3842,3,Loyal
273,29,10,6519,3,Loyal
274,150,4,790,0,Need Attention
275,133,6,4126,3,Loyal
277,22,3,1757,0,Need Attention
278,249,1,827,2,Lost
279,15,6,2455,1,Champion
280,44,10,6304,3,Loyal
281,10,4,2233,1,Champion
282,70,2,624,2,Lost
283,92,5,4792,3,Loyal
284,134,5,3251,0,Need Attention
285,8,6,2626,1,Champion
286,156,3,1737,0,Need Attention
289,45,9,3924,3,Loyal
290,12,5,3368,1,Champion
291,41,2,605,2,Lost
292,59,7,3631,3,Loyal
293,11,5,1991,1,Champion
294,116,7,5509,3,Loyal
295,35,7,4539,3,Loyal
297,9,4,3599,1,Champion
298,9,9,4382,1,Champion
299,93,7,6897,3,Loyal
300,157,5,3475,3,Loyal
301,94,2,89,2,Lost
303,44,3,3247,0,Need Attention
304,81,9,2785,3,Loyal
305,34,6,2229,3,Loyal
306,124,2,239,2,Lost
307,16,8,3465,1,Champion
308,26,6,4086,3,Loyal
309,10,4,2208,1,Champion
310,9,7,4744,1,Champion
311,62,6,4054,3,Loyal
312,14,5,4570,1,Champion
313,18,6,3186,1,Champion
314,21,8,3200,3,Loyal
315,28,9,2200,3,Loyal
316,12,4,2158,1,Champion
317,81,4,2766,0,Need Attention
318,10,7,3632,1,Champion
320,13,10,7204,1,Champion
321,13,5,2006,1,Champion
322,2,11,10336,1,Champion
323,36,6,2020,3,Loyal
324,22,5,1779,0,Need Attention
325,134,6,4465,3,Loyal
326,162,3,1201,0,Need Attention
327,17,5,3498,1,Champion
328,5,8,2357,1,Champion
329,35,6,3618,3,Loyal
330,108,6,5296,3,Loyal
331,83,6,4404,3,Loyal
332,264,2,239,2,Lost
333,23,6,3186,3,Loyal
334,57,6,2127,3,Loyal
335,25,2,456,2,Lost
337,38,6,3388,3,Loyal
339,59,5,4327,3,Loyal
341,135,2,955,2,Lost
342,94,3,468,2,Lost
343,134,8,3914,3,Loyal
345,20,7,3971,3,Loyal
346,13,9,6420,1,Champion
347,60,7,8326,3,Loyal
348,126,6,2071,0,Need Attention
349,167,5,1669,0,Need Attention
350,5,6,1008,1,Champion
351,12,2,1438,0,Need Attention
352,26,6,4404,3,Loyal
353,24,11,6792,3,Loyal
354,68,6,3101,3,Loyal
355,46,5,2662,0,Need Attention
356,62,5,2358,0,Need Attention
357,16,8,4455,1,Champion
358,71,2,1405,0,Need Attention
359,9,10,2921,1,Champion
360,9,5,5070,1,Champion
361,147,7,3428,3,Loyal
362,90,4,463,2,Lost
363,15,6,9458,1,Champion
364,12,6,3329,1,Champion
365,51,7,4724,3,Loyal
366,116,6,2692,3,Loyal
367,44,5,2022,0,Need Attention
369,102,8,3931,3,Loyal
371,10,5,5004,1,Champion
372,32,8,2598,3,Loyal
373,224,1,1103,2,Lost
374,14,6,5271,1,Champion
375,92,4,488,2,Lost
376,44,3,368,2,Lost
377,7,11,4124,1,Champion
378,125,7,3236,3,Loyal
380,36,8,6196,3,Loyal
381,3,8,4534,1,Champion
382,36,7,1657,3,Loyal
383,52,3,987,0,Need Attention
385,79,9,5220,3,Loyal
386,67,5,2415,0,Need Attention
387,32,3,3417,0,Need Attention
389,114,6,2123,0,Need Attention
390,77,4,459,2,Lost
392,102,7,5025,3,Loyal
393,147,2,866,2,Lost
394,46,8,5445,3,Loyal
395,31,6,3528,3,Loyal
396,30,6,4647,3,Loyal
397,46,5,2618,0,Need Attention
399,94,5,4610,3,Loyal
400,135,5,2688,0,Need Attention
401,30,7,3643,3,Loyal
402,57,6,4965,3,Loyal
403,57,5,2358,0,Need Attention
404,19,8,4874,3,Loyal
406,107,5,3445,3,Loyal
407,10,9,4096,1,Champion
408,18,5,3082,1,Champion
409,14,4,2267,1,Champion
410,7,7,2177,1,Champion
411,188,5,2553,0,Need Attention
413,168,5,3822,3,Loyal
414,48,6,2304,3,Loyal
415,249,2,1490,2,Lost
416,89,4,2348,0,Need Attention
417,71,7,3807,3,Loyal
419,15,7,5027,1,Champion
420,60,10,3652,3,Loyal
421,57,6,3952,3,Loyal
423,142,5,1589,0,Need Attention
424,75,6,4053,3,Loyal
425,26,7,7388,3,Loyal
426,60,8,5302,3,Loyal
427,110,4,2515,0,Need Attention
428,52,8,3355,3,Loyal
429,19,7,2356,1,Champion
430,66,6,5625,3,Loyal
431,139,1,1215,2,Lost
432,22,8,5110,3,Loyal
433,16,8,3244,1,Champion
435,103,4,4727,0,Need Attention
436,51,3,2124,0,Need Attention
437,49,6,3045,3,Loyal
438,52,8,7692,3,Loyal
439,100,5,2621,0,Need Attention
440,12,8,2481,1,Champion
441,63,3,1750,0,Need Attention
444,46,7,3807,3,Loyal
445,25,11,8081,3,Loyal
446,53,8,5363,3,Loyal
447,1,5,2690,1,Champion
448,189,4,2413,0,Need Attention
449,134,6,3292,3,Loyal
450,83,3,2440,0,Need Attention
451,67,6,2560,3,Loyal
452,25,5,1561,0,Need Attention
453,42,8,2292,3,Loyal
454,50,7,4738,3,Loyal
455,68,3,1600,0,Need Attention
456,89,5,2183,0,Need Attention
457,116,5,3680,3,Loyal
458,27,5,1247,0,Need Attention
459,39,5,2402,0,Need Attention
460,77,3,1862,0,Need Attention
461,21,8,5722,3,Loyal
463,68,6,3501,3,Loyal
465,5,6,3488,1,Champion
467,170,6,3850,3,Loyal
468,95,6,4063,3,Loyal
469,102,10,4177,3,Loyal
470,10,7,1890,1,Champion
471,49,6,3918,3,Loyal
472,50,5,3309,3,Loyal
473,116,9,8364,3,Loyal
474,98,2,1520,0,Need Attention
475,25,7,2907,3,Loyal
476,10,4,1353,1,Champion
477,36,5,3375,3,Loyal
478,4,9,3320,1,Champion
480,18,2,644,2,Lost
481,15,2,1617,0,Need Attention
483,41,7,2307,3,Loyal
484,20,4,1600,0,Need Attention
485,15,6,2715,1,Champion
486,92,5,4915,3,Loyal
487,140,2,687,2,Lost
488,28,6,1043,0,Need Attention
489,125,5,2073,0,Need Attention
490,54,9,4593,3,Loyal
491,69,7,2735,3,Loyal
492,90,4,2707,0,Need Attention
493,76,3,151,2,Lost
494,134,2,784,2,Lost
495,129,6,4087,3,Loyal
496,46,4,1310,0,Need Attention
498,8,7,4982,1,Champion
499,56,11,4043,3,Loyal
500,25,8,3977,3,Loyal
501,183,3,1264,0,Need Attention
502,167,4,2508,0,Need Attention
503,84,3,1280,0,Need Attention
504,137,8,2714,3,Loyal
506,57,10,6985,3,Loyal
508,156,4,2587,0,Need Attention
509,90,6,4389,3,Loyal
511,12,4,1152,0,Need Attention
512,96,4,1136,0,Need Attention
513,15,5,4222,1,Champion
514,124,5,2144,0,Need Attention
515,15,8,5916,1,Champion
516,20,10,4722,3,Loyal
517,11,6,2632,1,Champion
518,262,3,938,2,Lost
520,17,5,819,0,Need Attention
521,155,2,624,2,Lost
523,19,6,2795,1,Champion
524,139,7,2024,3,Loyal
525,120,8,3584,3,Loyal
526,155,3,1111,0,Need Attention
527,44,2,1694,0,Need Attention
528,135,6,4150,3,Loyal
529,13,6,2339,1,Champion
530,163,3,1751,0,Need Attention
531,62,5,1761,0,Need Attention
532,29,5,2963,3,Loyal
533,3,6,5387,1,Champion
534,7,8,4809,1,Champion
536,33,3,2832,0,Need Attention
537,50,3,825,0,Need Attention
538,5,6,5619,1,Champion
540,80,6,1821,0,Need Attention
542,39,6,2098,3,Loyal
543,1,5,1924,1,Champion
544,174,4,2246,0,Need Attention
545,7,6,5665,1,Champion
546,38,5,4449,3,Loyal
547,75,6,2901,3,Loyal
549,41,8,3751,3,Loyal
551,153,4,2850,0,Need Attention
552,160,4,1577,0,Need Attention
553,20,6,2566,1,Champion
554,39,3,1670,0,Need Attention
555,166,4,3505,0,Need Attention
556,10,5,3985,1,Champion
558,36,6,3368,3,Loyal
559,7,4,1824,1,Champion
560,42,6,3583,3,Loyal
561,29,6,2891,3,Loyal
562,37,5,2125,0,Need Attention
563,34,7,1931,3,Loyal
564,12,6,2143,1,Champion
565,105,10,7079,3,Loyal
566,53,3,2145,0,Need Attention
568,92,7,1258,0,Need Attention
569,99,4,6084,3,Loyal
570,36,6,3446,3,Loyal
571,73,3,2284,0,Need Attention
572,14,6,2600,1,Champion
573,106,2,1618,0,Need Attention
574,278,4,2172,0,Need Attention
575,249,2,714,2,Lost
576,8,6,4580,1,Champion
578,200,7,2754,3,Loyal
579,53,9,4204,3,Loyal
580,25,5,2185,0,Need Attention
581,54,4,2223,0,Need Attention
582,150,4,2744,0,Need Attention
583,32,4,2258,0,Need Attention
584,133,4,1270,0,Need Attention
585,98,6,2174,0,Need Attention
586,91,3,2562,0,Need Attention
587,54,6,3293,3,Loyal
588,20,5,3603,1,Champion
589,11,3,1397,0,Need Attention
590,44,11,6119,3,Loyal
591,222,2,484,2,Lost
592,200,4,1071,0,Need Attention
593,2,6,3493,1,Champion
594,34,9,6630,3,Loyal
595,185,3,2011,0,Need Attention
596,86,3,3836,0,Need Attention
597,62,5,1830,0,Need Attention
598,132,7,3535,3,Loyal
599,116,5,4319,3,Loyal
600,207,3,1854,0,Need Attention
601,59,5,1423,0,Need Attention
602,78,5,2568,0,Need Attention
603,50,7,3148,3,Loyal
604,70,6,4661,3,Loyal
605,3,8,5025,1,Champion
606,56,6,2488,3,Loyal
607,59,9,6998,3,Loyal
608,86,8,4050,3,Loyal
609,37,4,2168,0,Need Attention
610,47,9,3399,3,Loyal
611,4,8,3500,1,Champion
612,88,3,665,2,Lost
613,4,6,2098,1,Champion
615,43,4,3620,0,Need Attention
617,21,4,2313,0,Need Attention
618,309,2,1202,2,Lost
619,66,7,3378,3,Loyal
620,104,8,1981,3,Loyal
621,3,9,6126,1,Champion
623,94,3,1636,0,Need Attention
624,91,3,3352,0,Need Attention
625,17,6,2326,1,Champion
626,55,9,3437,3,Loyal
628,55,5,1313,0,Need Attention
629,65,8,2245,3,Loyal
630,54,7,3717,3,Loyal
631,17,6,1767,1,Champion
632,42,3,1726,0,Need Attention
633,2,7,3328,1,Champion
634,18,7,2853,1,Champion
635,40,6,1220,0,Need Attention
636,20,7,4418,3,Loyal
637,8,13,5402,1,Champion
639,9,6,2516,1,Champion
640,11,8,4278,1,Champion
641,203,4,2456,0,Need Attention
642,25,7,2724,3,Loyal
643,198,4,2308,0,Need Attention
644,158,3,550,2,Lost
645,117,7,5192,3,Loyal
646,111,4,2533,0,Need Attention
647,43,9,5279,3,Loyal
648,58,7,4222,3,Loyal
649,12,5,263,2,Lost
650,51,6,2904,3,Loyal
651,19,3,3473,0,Need Attention
652,6,9,2488,1,Champion
653,38,5,2623,0,Need Attention
654,29,3,1374,0,Need Attention
655,52,6,5753,3,Loyal
656,11,8,3749,1,Champion
657,176,5,2529,0,Need Attention
658,98,5,2596,0,Need Attention
660,13,4,3839,1,Champion
661,35,6,3308,3,Loyal
662,87,7,3873,3,Loyal
663,74,4,2132,0,Need Attention
664,85,4,1036,0,Need Attention
665,86,7,5204,3,Loyal
666,42,5,2459,0,Need Attention
667,20,5,3802,1,Champion
668,7,7,4375,1,Champion
669,9,11,5513,1,Champion
670,117,4,1542,0,Need Attention
672,51,3,3633,0,Need Attention
673,3,5,2058,1,Champion
674,116,6,3008,3,Loyal
675,1,3,1396,1,Champion
676,34,6,2894,3,Loyal
677,72,5,940,0,Need Attention
678,95,3,1606,0,Need Attention
679,63,10,3551,3,Loyal
681,8,6,2244,1,Champion
682,21,7,5428,3,Loyal
684,43,8,2431,3,Loyal
685,103,6,5218,3,Loyal
686,38,5,2073,0,Need Attention
687,9,6,812,1,Champion
688,82,4,2967,0,Need Attention
689,13,3,541,2,Lost
690,65,5,2848,0,Need Attention
692,51,9,5027,3,Loyal
694,8,5,2400,1,Champion
695,17,8,4659,1,Champion
696,22,6,1879,1,Champion
697,12,4,3996,1,Champion
698,77,3,1295,0,Need Attention
699,56,3,976,0,Need Attention
701,33,6,2215,3,Loyal
702,63,3,1905,0,Need Attention
704,11,10,4034,1,Champion
705,12,4,502,0,Need Attention
706,31,6,7109,3,Loyal
707,45,6,3368,3,Loyal
708,176,3,2145,0,Need Attention
709,147,5,3243,0,Need Attention
710,40,6,5201,3,Loyal
713,256,4,1891,0,Need Attention
715,159,3,2410,0,Need Attention
716,13,6,3777,1,Champion
717,15,6,1857,1,Champion
718,35,8,2164,3,Loyal
719,12,7,4083,1,Champion
720,21,10,7212,3,Loyal
721,5,7,6579,1,Champion
722,88,5,2934,0,Need Attention
723,16,8,3489,1,Champion
724,24,8,5073,3,Loyal
725,4,11,7321,1,Champion
726,55,3,2965,0,Need Attention
727,62,6,3970,3,Loyal
728,26,9,6411,3,Loyal
729,2,9,8953,1,Champion
730,15,7,3182,1,Champion
732,65,5,3269,3,Loyal
734,90,3,1140,0,Need Attention
735,88,4,3025,0,Need Attention
736,12,5,4107,1,Champion
737,55,7,4480,3,Loyal
739,2,10,4842,1,Champion
742,11,6,1246,1,Champion
743,90,4,3908,0,Need Attention
744,24,5,1267,0,Need Attention
746,44,6,1779,0,Need Attention
747,36,2,571,2,Lost
748,47,9,3516,3,Loyal
749,81,9,1830,3,Loyal
750,59,6,5391,3,Loyal
751,131,2,96,2,Lost
752,21,8,2952,3,Loyal
754,211,2,93,2,Lost
755,96,3,847,2,Lost
756,26,6,2121,3,Loyal
757,73,5,2946,0,Need Attention
759,24,8,2646,3,Loyal
760,27,9,4847,3,Loyal
761,146,5,1896,0,Need Attention
762,86,5,2347,0,Need Attention
763,75,6,3894,3,Loyal
764,80,3,1364,0,Need Attention
767,43,5,2438,0,Need Attention
768,6,9,5580,1,Champion
769,20,8,5070,3,Loyal
770,50,6,4457,3,Loyal
772,3,5,2879,1,Champion
774,144,1,144,2,Lost
775,59,7,2862,3,Loyal
776,14,9,2201,1,Champion
777,28,6,3184,3,Loyal
778,264,3,698,2,Lost
779,83,4,1186,0,Need Attention
780,89,3,798,2,Lost
781,126,5,2256,0,Need Attention
782,26,5,3431,3,Loyal
783,97,5,3498,3,Loyal
784,144,2,304,2,Lost
785,19,5,507,0,Need Attention
788,40,5,2415,0,Need Attention
789,5,8,2892,1,Champion
790,15,8,4889,1,Champion
791,124,6,3819,3,Loyal
792,18,6,3295,1,Champion
793,2,10,4778,1,Champion
794,23,7,4248,3,Loyal
795,19,5,2785,1,Champion
796,7,7,3815,1,Champion
797,22,4,2277,0,Need Attention
798,22,3,1691,0,Need Attention
799,11,11,7142,1,Champion
800,86,6,3239,3,Loyal
801,183,2,254,2,Lost
802,96,6,2893,3,Loyal
803,67,6,1746,0,Need Attention
804,42,3,3065,0,Need Attention
805,123,6,2795,3,Loyal
806,32,4,2189,0,Need Attention
807,81,4,2491,0,Need Attention
808,124,3,2119,0,Need Attention
809,46,4,492,2,Lost
810,69,4,945,0,Need Attention
811,175,3,496,2,Lost
813,51,5,1633,0,Need Attention
814,49,3,2154,0,Need Attention
816,54,3,945,0,Need Attention
817,17,5,2328,1,Champion
818,41,6,3028,3,Loyal
819,44,5,2558,0,Need Attention
821,34,5,2925,3,Loyal
822,329,1,802,2,Lost
823,24,6,5811,3,Loyal
824,10,4,4137,1,Champion
825,11,6,1352,1,Champion
826,5,4,1454,1,Champion
829,13,6,4600,1,Champion
830,150,6,2506,3,Loyal
831,12,5,1883,1,Champion
832,18,11,8366,3,Loyal
833,26,8,4776,3,Loyal
834,19,4,722,0,Need Attention
835,8,8,3225,1,Champion
836,73,4,1768,0,Need Attention
837,158,3,1335,0,Need Attention
838,42,4,1966,0,Need Attention
839,107,4,826,0,Need Attention
840,39,6,3320,3,Loyal
841,151,7,8330,3,Loyal
842,56,3,1727,0,Need Attention
843,3,6,2372,1,Champion
844,32,9,4730,3,Loyal
845,126,3,672,2,Lost
846,83,3,2129,0,Need Attention
847,115,4,2521,0,Need Attention
848,141,4,1964,0,Need Attention
849,28,6,4284,3,Loyal
850,35,8,2838,3,Loyal
851,10,4,3245,1,Champion
853,65,9,7263,3,Loyal
854,9,4,2074,1,Champion
855,105,4,3050,0,Need Attention
856,2,7,2912,1,Champion
857,25,5,3721,3,Loyal
858,12,6,2708,1,Champion
859,19,6,2289,1,Champion
861,55,5,1009,0,Need Attention
862,55,1,309,2,Lost
863,70,4,703,0,Need Attention
865,122,7,4261,3,Loyal
866,99,5,4753,3,Loyal
867,294,5,4295,3,Loyal
868,84,6,5534,3,Loyal
870,101,7,3818,3,Loyal
872,172,1,75,2,Lost
873,32,5,3226,3,Loyal
875,64,6,4796,3,Loyal
876,17,3,1171,0,Need Attention
877,18,9,4918,3,Loyal
878,80,3,2809,0,Need Attention
880,63,3,1751,0,Need Attention
881,148,3,2481,0,Need Attention
883,48,4,705,0,Need Attention
884,2,5,2770,1,Champion
885,8,3,863,0,Need Attention
886,2,7,4067,1,Champion
888,69,5,2278,0,Need Attention
889,37,5,2357,0,Need Attention
890,166,4,1561,0,Need Attention
891,13,4,1998,1,Champion
892,91,10,3941,3,Loyal
893,76,7,4868,3,Loyal
894,49,8,3564,3,Loyal
896,39,4,1669,0,Need Attention
897,130,6,4080,3,Loyal
898,206,1,179,2,Lost
899,50,6,1274,0,Need Attention
900,13,4,780,0,Need Attention
902,15,9,6003,1,Champion
904,38,4,1496,0,Need Attention
905,106,8,3553,3,Loyal
906,17,9,4473,3,Loyal
907,27,7,1370,3,Loyal
909,190,5,5289,3,Loyal
910,273,2,1346,2,Lost
911,57,5,633,0,Need Attention
912,41,7,4164,3,Loyal
914,107,5,2530,0,Need Attention
915,29,4,425,2,Lost
916,37,4,3465,0,Need Attention
917,36,8,5392,3,Loyal
918,17,5,4066,1,Champion
919,81,9,4458,3,Loyal
920,91,6,4144,3,Loyal
921,45,7,6285,3,Loyal
922,189,1,41,2,Lost
923,33,7,3337,3,Loyal
924,110,8,3479,3,Loyal
925,13,9,4371,1,Champion
926,13,5,1258,1,Champion
927,296,3,1982,0,Need Attention
928,12,8,2798,1,Champion
929,57,5,2540,0,Need Attention
930,148,2,150,2,Lost
931,71,5,2890,0,Need Attention
932,4,6,2121,1,Champion
933,1,5,2817,1,Champion
934,1,7,4689,1,Champion
935,54,7,5502,3,Loyal
936,33,11,8661,3,Loyal
937,16,5,2680,1,Champion
938,62,8,4803,3,Loyal
939,32,4,1818,0,Need Attention
940,53,5,3256,3,Loyal
941,34,10,11668,3,Loyal
942,214,2,1859,0,Need Attention
943,113,6,5300,3,Loyal
945,15,7,3812,1,Champion
946,3,8,6305,1,Champion
947,81,5,2981,0,Need Attention
948,101,3,1422,0,Need Attention
949,89,6,3644,3,Loyal
950,33,7,3609,3,Loyal
951,7,6,1740,1,Champion
952,47,5,3569,3,Loyal
954,114,4,3624,0,Need Attention
955,14,7,1429,1,Champion
956,174,3,936,2,Lost
957,39,5,2632,0,Need Attention
958,35,6,2183,3,Loyal
959,77,6,2178,3,Loyal
960,79,4,3516,0,Need Attention
961,65,3,1035,0,Need Attention
962,3,7,2344,1,Champion
963,61,12,4779,3,Loyal
964,2,5,2018,1,Champion
965,61,4,3867,0,Need Attention
966,14,4,527,0,Need Attention
967,67,4,3798,0,Need Attention
968,36,6,4223,3,Loyal
969,18,5,2793,1,Champion
970,34,5,2840,3,Loyal
971,49,5,4015,3,Loyal
972,176,2,2159,0,Need Attention
973,9,8,6639,1,Champion
974,7,6,3250,1,Champion
975,11,8,3962,1,Champion
976,171,6,3830,3,Loyal
977,42,5,2449,0,Need Attention
978,193,5,2890,0,Need Attention
979,6,5,3756,1,Champion
980,178,4,2640,0,Need Attention
982,56,6,943,0,Need Attention
984,57,8,2294,3,Loyal
985,15,4,1690,0,Need Attention
986,76,8,4272,3,Loyal
987,23,8,5180,3,Loyal
988,113,2,243,2,Lost
989,26,4,3380,0,Need Attention
990,12,7,2353,1,Champion
991,148,6,2655,3,Loyal
993,1,9,2738,1,Champion
994,43,5,2069,0,Need Attention
995,12,7,6764,1,Champion
996,64,5,4593,3,Loyal
997,60,7,2923,3,Loyal
998,322,2,585,2,Lost
999,77,9,8413,3,Loyal
1000,1,9,5383,1,Champion
1001,43,7,2884,3,Loyal
1002,156,4,2254,0,Need Attention
1003,48,9,5300,3,Loyal
1004,204,6,3600,3,Loyal
1005,160,5,4365,3,Loyal
1006,38,8,4687,3,Loyal
1008,18,4,2523,0,Need Attention
1009,55,4,2370,0,Need Attention
1010,127,3,386,2,Lost
1011,243,3,1399,0,Need Attention
1012,10,4,2704,1,Champion
1013,96,6,2463,3,Loyal
1014,5,7,3933,1,Champion
1015,27,6,2136,3,Loyal
1016,67,6,1087,0,Need Attention
1017,227,3,2858,0,Need Attention
1018,27,5,2497,0,Need Attention
1019,43,4,2340,0,Need Attention
1021,29,8,5048,3,Loyal
1022,84,5,6444,3,Loyal
1024,35,8,4560,3,Loyal
1025,61,8,1800,3,Loyal
1027,25,6,1449,0,Need Attention
1028,9,7,7562,1,Champion
1029,31,6,3660,3,Loyal
1030,40,8,4698,3,Loyal
1031,47,2,1320,2,Lost
1032,31,8,3191,3,Loyal
1035,14,3,485,2,Lost
1036,163,5,3787,3,Loyal
1037,74,7,2257,3,Loyal
1038,13,4,2079,1,Champion
1040,162,4,1768,0,Need Attention
1042,36,3,2771,0,Need Attention
1043,171,7,5718,3,Loyal
1044,113,5,2205,0,Need Attention
1046,53,5,1985,0,Need Attention
1047,58,7,2026,3,Loyal
1048,134,6,1600,0,Need Attention
1049,33,10,4486,3,Loyal
1050,27,6,2535,3,Loyal
1051,180,5,1294,0,Need Attention
1052,1,6,3260,1,Champion
1054,6,8,3406,1,Champion
1055,207,2,343,2,Lost
1056,25,7,3954,3,Loyal
1057,113,3,2488,0,Need Attention
1058,117,3,759,2,Lost
1059,23,2,1618,0,Need Attention
1060,188,6,2475,3,Loyal
1061,25,6,1137,0,Need Attention
1062,3,6,4450,1,Champion
1063,47,6,3112,3,Loyal
1064,140,3,1398,0,Need Attention
1065,80,6,2753,3,Loyal
1066,167,3,1396,0,Need Attention
1067,233,2,741,2,Lost
1069,205,5,1982,0,Need Attention
1070,1,4,3559,1,Champion
1072,47,3,2102,0,Need Attention
1073,18,6,2723,1,Champion
1074,17,8,4053,1,Champion
1075,68,6,2242,3,Loyal
1076,10,12,8104,1,Champion
1078,19,5,899,0,Need Attention
1079,18,4,2306,0,Need Attention
1080,48,3,1857,0,Need Attention
1081,12,5,3227,1,Champion
1082,48,5,2832,0,Need Attention
1083,267,2,880,2,Lost
1084,5,10,6522,1,Champion
1085,65,4,1081,0,Need Attention
1086,14,9,4705,1,Champion
1087,15,3,1521,0,Need Attention
1088,14,6,3595,1,Champion
1089,152,7,2349,3,Loyal
1090,72,7,1529,0,Need Attention
1092,203,5,1245,0,Need Attention
1093,100,9,7159,3,Loyal
1094,44,7,3632,3,Loyal
1095,15,4,4498,1,Champion
1096,56,5,2086,0,Need Attention
1097,189,3,666,2,Lost
1098,9,8,3879,1,Champion
1099,111,2,183,2,Lost
1100,46,3,1051,0,Need Attention
1101,114,5,4267,3,Loyal
1102,22,8,5025,3,Loyal
1103,33,12,7367,3,Loyal
1104,12,7,2568,1,Champion
1105,17,2,2712,0,Need Attention
1106,25,9,5691,3,Loyal
1107,49,5,1843,0,Need Attention
1108,13,4,1338,0,Need Attention
1109,209,3,683,2,Lost
1110,18,6,4574,1,Champion
1111,21,7,2561,3,Loyal
1113,27,9,6072,3,Loyal
1114,65,4,1774,0,Need Attention
1115,3,9,4631,1,Champion
1116,8,3,4053,1,Champion
1117,137,9,2524,3,Loyal
1118,39,4,1858,0,Need Attention
1120,2,5,912,1,Champion
1121,8,2,327,2,Lost
1124,45,3,2742,0,Need Attention
1125,30,5,2839,3,Loyal
1126,20,4,2135,0,Need Attention
1127,137,4,2285,0,Need Attention
1128,27,5,3388,3,Loyal
1129,27,13,6790,3,Loyal
1130,118,5,3784,3,Loyal
1131,54,7,4703,3,Loyal
1132,45,8,3203,3,Loyal
1134,4,6,1622,1,Champion
1135,165,3,1758,0,Need Attention
1136,36,5,3394,3,Loyal
1137,6,9,4837,1,Champion
1138,125,6,5174,3,Loyal
1139,70,4,1434,0,Need Attention
1140,7,11,6541,1,Champion
1142,39,4,1841,0,Need Attention
1143,5,5,3277,1,Champion
1144,18,7,5961,3,Loyal
1146,74,2,1294,2,Lost
1147,166,6,4173,3,Loyal
1148,9,3,1689,1,Champion
1149,189,4,2393,0,Need Attention
1150,104,5,6308,3,Loyal
1151,76,5,3449,3,Loyal
1152,25,8,4516,3,Loyal
1153,18,5,2501,1,Champion
1154,132,6,958,0,Need Attention
1155,30,7,2332,3,Loyal
1156,41,4,2559,0,Need Attention
1157,86,7,5037,3,Loyal
1158,3,6,4437,1,Champion
1159,7,4,2352,1,Champion
1160,164,3,684,2,Lost
1161,13,4,2669,1,Champion
1162,137,4,1675,0,Need Attention
1163,49,5,1775,0,Need Attention
1164,154,3,346,2,Lost
1165,11,9,3286,1,Champion
1166,15,6,2539,1,Champion
1167,11,4,2641,1,Champion
1168,60,7,6128,3,Loyal
1169,63,7,4318,3,Loyal
1170,87,5,3351,3,Loyal
1171,35,9,3879,3,Loyal
1172,45,5,3329,3,Loyal
1173,109,3,348,2,Lost
1174,9,3,1854,1,Champion
1175,219,2,1153,2,Lost
1176,78,4,842,0,Need Attention
1177,88,8,2447,3,Loyal
1178,45,8,5167,3,Loyal
1179,8,4,5068,1,Champion
1180,60,4,2305,0,Need Attention
1181,45,10,4513,3,Loyal
1182,6,6,3597,1,Champion
1183,154,5,4140,3,Loyal
1184,6,6,4314,1,Champion
1185,10,3,773,0,Need Attention
1186,38,4,1369,0,Need Attention
1188,19,2,2299,0,Need Attention
1189,48,4,1472,0,Need Attention
1190,7,6,2008,1,Champion
1191,44,8,1339,3,Loyal
1192,80,5,1397,0,Need Attention
1193,37,4,962,0,Need Attention
1194,29,8,4148,3,Loyal
1195,20,5,3463,1,Champion
1196,19,6,1455,1,Champion
1197,8,4,1559,1,Champion
1198,69,6,2323,3,Loyal
1199,44,8,2037,3,Loyal
1200,80,8,2844,3,Loyal
1202,86,2,412,2,Lost
1203,8,1,830,2,Lost
1204,201,1,110,2,Lost
1205,69,6,3731,3,Loyal
1206,84,2,889,2,Lost
1207,14,6,1108,1,Champion
1208,78,5,3238,3,Loyal
1209,132,2,1809,0,Need Attention
1210,18,8,4716,3,Loyal
1211,235,4,1495,0,Need Attention
1212,72,3,2331,0,Need Attention
1213,70,7,5490,3,Loyal
1214,24,4,3652,0,Need Attention
1215,78,8,3118,3,Loyal
1216,8,3,2141,1,Champion
1217,11,7,3270,1,Champion
1220,67,5,2476,0,Need Attention
1221,10,7,1500,1,Champion
1222,52,3,667,2,Lost
1223,35,7,1544,3,Loyal
1224,48,7,4250,3,Loyal
1225,59,4,2078,0,Need Attention
1226,25,5,937,0,Need Attention
1227,62,12,4101,3,Loyal
1228,133,4,922,0,Need Attention
1229,20,9,3005,3,Loyal
1231,176,2,1718,0,Need Attention
1232,5,9,5011,1,Champion
1234,86,7,2048,3,Loyal
1235,82,2,3332,0,Need Attention
1236,42,4,3078,0,Need Attention
1237,24,10,5731,3,Loyal
1238,102,4,297,2,Lost
1240,6,4,3015,1,Champion
1241,76,7,1844,3,Loyal
1242,18,2,1085,2,Lost
1243,200,9,4544,3,Loyal
1244,20,5,1968,0,Need Attention
1245,72,7,2596,3,Loyal
1247,91,4,2848,0,Need Attention
1248,68,1,182,2,Lost
1250,36,10,6093,3,Loyal
1251,62,4,1481,0,Need Attention
1252,10,7,4548,1,Champion
1253,5,4,1948,1,Champion
1254,38,7,3436,3,Loyal
1256,82,6,2068,0,Need Attention
1257,257,3,1791,0,Need Attention
1258,53,8,5441,3,Loyal
1259,42,7,3342,3,Loyal
1260,67,5,2195,0,Need Attention
1261,49,6,1584,0,Need Attention
1262,44,3,1355,0,Need Attention
1263,43,6,2951,3,Loyal
1265,8,4,1195,1,Champion
1266,258,2,3405,0,Need Attention
1267,142,4,2557,0,Need Attention
1269,212,3,935,2,Lost
1270,206,4,2113,0,Need Attention
1271,188,2,950,2,Lost
1273,24,3,1551,0,Need Attention
1274,15,9,3532,1,Champion
1275,150,6,1540,0,Need Attention
1276,101,2,969,2,Lost
1277,56,3,1197,0,Need Attention
1278,65,4,721,0,Need Attention
1279,53,6,2422,3,Loyal
1280,107,4,2799,0,Need Attention
1281,88,3,1186,0,Need Attention
1282,39,8,5521,3,Loyal
1283,94,2,1012,2,Lost
1284,79,3,106,2,Lost
1285,119,7,5553,3,Loyal
1286,52,7,2415,3,Loyal
1287,68,7,5456,3,Loyal
1288,23,4,1524,0,Need Attention
1290,45,9,7616,3,Loyal
1291,17,7,5147,1,Champion
1293,240,5,4736,3,Loyal
1295,30,6,1882,0,Need Attention
1296,131,4,2793,0,Need Attention
1297,3,6,2424,1,Champion
1298,142,5,4113,3,Loyal
1299,7,7,5957,1,Champion
1300,21,6,6148,3,Loyal
1301,13,8,2178,1,Champion
1302,30,13,5336,3,Loyal
1304,4,6,2321,1,Champion
1305,143,5,2825,0,Need Attention
1306,137,5,4077,3,Loyal
1307,91,9,4526,3,Loyal
1308,16,5,4757,1,Champion
1309,83,4,1400,0,Need Attention
1310,21,5,2289,1,Champion
1311,48,3,2188,0,Need Attention
1312,27,4,1292,0,Need Attention
1313,8,7,4753,1,Champion
1314,28,5,2894,3,Loyal
1316,33,5,2152,0,Need Attention
1317,11,9,7024,1,Champion
1318,8,7,3500,1,Champion
1321,104,7,2398,3,Loyal
1322,64,4,4008,0,Need Attention
1323,54,7,1695,3,Loyal
1324,75,6,2011,0,Need Attention
1325,83,1,104,2,Lost
1326,11,6,3581,1,Champion
1327,7,5,2848,1,Champion
1328,1,7,5351,1,Champion
1329,5,10,6968,1,Champion
1330,76,6,5101,3,Loyal
1331,6,10,6252,1,Champion
1332,36,7,4492,3,Loyal
1333,8,3,1924,1,Champion
1334,241,2,719,2,Lost
1336,79,6,3595,3,Loyal
1337,84,6,3417,3,Loyal
1338,232,2,234,2,Lost
1339,103,5,4713,3,Loyal
1340,29,8,2120,3,Loyal
1341,11,4,1213,0,Need Attention
1343,21,3,1317,0,Need Attention
1344,22,3,628,2,Lost
1345,44,6,5170,3,Loyal
1346,16,9,6736,3,Loyal
1347,92,6,3745,3,Loyal
1348,115,5,5915,3,Loyal
1349,44,6,1905,0,Need Attention
1350,117,2,1235,2,Lost
1351,18,6,4638,1,Champion
1352,89,3,1151,0,Need Attention
1353,15,8,2789,1,Champion
1354,75,3,2464,0,Need Attention
1355,9,5,2713,1,Champion
1356,23,6,3853,3,Loyal
1357,13,9,4732,1,Champion
1358,4,8,4113,1,Champion
1359,13,2,1550,0,Need Attention
1360,182,3,1906,0,Need Attention
1361,29,6,2536,3,Loyal
1362,119,2,1736,0,Need Attention
1363,25,7,2744,3,Loyal
1364,65,4,1033,0,Need Attention
1365,218,4,818,0,Need Attention
1366,55,5,1614,0,Need Attention
1367,12,7,2760,1,Champion
1369,179,4,2503,0,Need Attention
1370,27,4,839,0,Need Attention
1371,27,4,1270,0,Need Attention
1372,67,6,2935,3,Loyal
1375,83,5,1849,0,Need Attention
1376,90,6,4576,3,Loyal
1377,76,5,2814,0,Need Attention
1379,29,5,4337,3,Loyal
1380,199,3,2550,0,Need Attention
1381,114,5,4177,3,Loyal
1382,123,2,1946,0,Need Attention
1383,58,3,3357,0,Need Attention
1384,37,6,3307,3,Loyal
1385,143,5,2624,0,Need Attention
1386,107,3,2724,0,Need Attention
1387,216,1,641,2,Lost
1388,20,6,3792,3,Loyal
1390,2,9,3474,1,Champion
1391,64,3,2283,0,Need Attention
1392,108,3,3196,0,Need Attention
1395,88,2,1000,2,Lost
1396,10,10,7075,1,Champion
1397,138,6,4563,3,Loyal
1398,37,7,5649,3,Loyal
1399,17,4,2234,0,Need Attention
1400,57,6,4751,3,Loyal
1402,41,8,3067,3,Loyal
1403,165,2,685,2,Lost
1404,8,10,5426,1,Champion
1405,34,11,2281,3,Loyal
1406,29,6,2396,3,Loyal
1407,1,9,3796,1,Champion
1408,11,3,2731,1,Champion
1409,23,4,2564,0,Need Attention
1410,61,7,5597,3,Loyal
1411,36,6,4268,3,Loyal
1412,122,4,2223,0,Need Attention
1413,4,6,3277,1,Champion
1414,19,2,630,2,Lost
1415,58,4,3062,0,Need Attention
1416,115,4,1266,0,Need Attention
1418,87,5,1983,0,Need Attention
1419,23,5,972,0,Need Attention
1420,39,5,2121,0,Need Attention
1421,58,6,2529,3,Loyal
1422,48,6,1508,0,Need Attention
1423,25,6,3233,3,Loyal
1424,77,3,1475,0,Need Attention
1425,1,4,3145,1,Champion
1426,49,7,3867,3,Loyal
1427,60,5,3573,3,Loyal
1428,16,10,5508,3,Loyal
1429,32,6,861,0,Need Attention
1430,109,5,1917,0,Need Attention
1431,20,4,955,0,Need Attention
1432,34,6,3727,3,Loyal
1433,132,3,1908,0,Need Attention
1434,125,2,1127,2,Lost
1435,34,7,5393,3,Loyal
1436,73,5,3404,3,Loyal
1437,144,3,2636,0,Need Attention
1438,7,10,5503,1,Champion
1439,66,3,1005,0,Need Attention
1440,20,6,6362,3,Loyal
1444,39,5,1281,0,Need Attention
1445,7,6,3423,1,Champion
1446,11,7,4495,1,Champion
1447,98,7,4553,3,Loyal
1448,238,1,128,2,Lost
1449,15,6,4565,1,Champion
1450,43,7,2959,3,Loyal
1451,84,6,4060,3,Loyal
1452,3,5,3431,1,Champion
1453,1,5,3265,1,Champion
1454,6,4,1428,1,Champion
1455,33,4,1659,0,Need Attention
1456,9,4,874,0,Need Attention
1457,66,6,1892,0,Need Attention
1458,199,3,3273,0,Need Attention
1459,99,4,4557,0,Need Attention
1460,13,8,10787,1,Champion
1462,82,5,2331,0,Need Attention
1463,111,5,2171,0,Need Attention
1464,107,6,873,0,Need Attention
1465,108,4,1429,0,Need Attention
1466,34,3,978,0,Need Attention
1468,110,6,3450,3,Loyal
1469,75,6,2251,3,Loyal
1470,2,7,3512,1,Champion
1472,70,7,5011,3,Loyal
1473,33,11,6176,3,Loyal
1474,67,5,1676,0,Need Attention
1475,47,7,7374,3,Loyal
1476,25,2,930,2,Lost
1477,20,9,5007,3,Loyal
1478,2,7,3605,1,Champion
1479,70,4,1695,0,Need Attention
1480,3,9,2258,1,Champion
1481,21,8,2551,3,Loyal
1482,69,12,9269,3,Loyal
1483,30,8,4273,3,Loyal
1484,15,4,1351,0,Need Attention
1485,5,2,526,2,Lost
1486,33,5,3681,3,Loyal
1487,18,2,400,2,Lost
1488,41,1,133,2,Lost
1489,83,4,379,2,Lost
1490,69,4,2182,0,Need Attention
1491,161,3,1591,0,Need Attention
1492,14,7,4645,1,Champion
1493,21,10,6117,3,Loyal
1494,19,10,5221,3,Loyal
1495,4,2,575,2,Lost
1496,54,5,3181,3,Loyal
1497,183,6,3022,3,Loyal
1498,41,4,1583,0,Need Attention
1499,126,5,2193,0,Need Attention
1501,54,5,1636,0,Need Attention
1502,27,9,6209,3,Loyal
1503,161,8,7693,3,Loyal
1504,6,5,713,1,Champion
1505,19,4,3825,1,Champion
1508,62,5,3479,3,Loyal
1509,45,3,1862,0,Need Attention
1510,57,2,2238,0,Need Attention
1511,17,8,3037,1,Champion
1512,137,3,2600,0,Need Attention
1513,121,6,2071,0,Need Attention
1514,68,7,3553,3,Loyal
1515,9,7,2314,1,Champion
1516,38,5,4256,3,Loyal
1517,29,11,5878,3,Loyal
1518,92,4,1365,0,Need Attention
1519,9,11,3819,1,Champion
1521,96,2,824,2,Lost
1522,10,5,2089,1,Champion
1523,42,3,2105,0,Need Attention
1524,38,8,2724,3,Loyal
1525,25,3,1909,0,Need Attention
1526,112,5,2573,0,Need Attention
1527,42,8,3855,3,Loyal
1529,105,1,199,2,Lost
1530,2,10,7390,1,Champion
1531,43,7,3839,3,Loyal
1532,4,6,2827,1,Champion
1533,105,8,3968,3,Loyal
1534,47,7,3244,3,Loyal
1535,105,5,2811,0,Need Attention
1536,34,4,2018,0,Need Attention
1537,27,9,5101,3,Loyal
1538,2,4,222,2,Lost
1539,66,8,3479,3,Loyal
1540,6,5,1939,1,Champion
1541,71,5,3324,3,Loyal
1542,134,5,1825,0,Need Attention
1543,75,3,1359,0,Need Attention
1544,330,1,903,2,Lost
1545,3,7,2637,1,Champion
1546,70,6,2501,3,Loyal
1547,28,9,6523,3,Loyal
1550,43,6,3172,3,Loyal
1551,23,7,5171,3,Loyal
1552,100,5,5400,3,Loyal
1553,85,4,2002,0,Need Attention
1554,21,7,5636,3,Loyal
1555,134,7,3107,3,Loyal
1556,85,5,3519,3,Loyal
1557,76,6,4684,3,Loyal
1558,9,9,10640,1,Champion
1561,44,8,6918,3,Loyal
1562,101,3,2606,0,Need Attention
1563,130,4,2877,0,Need Attention
1564,14,3,493,2,Lost
1565,10,2,1182,0,Need Attention
1566,87,4,1597,0,Need Attention
1567,25,7,4071,3,Loyal
1568,140,4,3870,0,Need Attention
1569,54,1,1103,2,Lost
1570,34,9,5321,3,Loyal
1571,4,4,4968,1,Champion
1572,83,6,7651,3,Loyal
1573,65,4,2236,0,Need Attention
1574,74,10,3220,3,Loyal
1575,87,4,1050,0,Need Attention
1576,38,7,4521,3,Loyal
1577,13,7,3677,1,Champion
1579,41,10,8102,3,Loyal
1580,56,8,3225,3,Loyal
1581,37,8,2944,3,Loyal
1582,56,5,1914,0,Need Attention
1583,113,4,3221,0,Need Attention
1584,3,2,1323,1,Champion
1585,38,8,3461,3,Loyal
1586,17,6,4154,1,Champion
1587,78,5,635,0,Need Attention
1588,33,7,3628,3,Loyal
1589,12,6,6738,1,Champion
1590,87,3,2248,0,Need Attention
1591,30,11,5968,3,Loyal
1592,101,4,3348,0,Need Attention
1593,54,6,3818,3,Loyal
1594,1,5,2617,1,Champion
1595,78,7,4891,3,Loyal
1596,136,3,2786,0,Need Attention
1597,26,11,8710,3,Loyal
1598,171,5,2317,0,Need Attention
1600,14,9,2924,1,Champion
1601,20,4,2317,0,Need Attention
1602,8,4,2997,1,Champion
1603,24,4,1488,0,Need Attention
1606,43,4,2602,0,Need Attention
1607,2,5,1681,1,Champion
1608,13,3,1206,0,Need Attention
1609,62,5,4041,3,Loyal
1610,9,5,3556,1,Champion
1611,42,12,5450,3,Loyal
1612,68,2,2932,0,Need Attention
1616,24,7,6150,3,Loyal
1617,6,5,2977,1,Champion
1618,29,2,643,2,Lost
1619,85,10,7031,3,Loyal
1620,217,2,1149,2,Lost
1621,83,5,1162,0,Need Attention
1622,48,3,1506,0,Need Attention
1623,3,6,3362,1,Champion
1624,4,6,1627,1,Champion
1625,10,8,8499,1,Champion
1626,256,2,1326,2,Lost
1627,25,8,4834,3,Loyal
1628,134,2,2659,0,Need Attention
1629,2,7,6051,1,Champion
1630,24,3,1915,0,Need Attention
1631,132,4,2638,0,Need Attention
1632,282,1,709,2,Lost
1633,18,3,2548,0,Need Attention
1634,30,4,1537,0,Need Attention
1635,140,4,1319,0,Need Attention
1636,41,5,3274,3,Loyal
1637,144,7,4039,3,Loyal
1638,12,4,4046,1,Champion
1640,63,7,1871,3,Loyal
1641,64,9,4326,3,Loyal
1642,85,5,2307,0,Need Attention
1644,23,7,4938,3,Loyal
1645,91,7,1411,0,Need Attention
1646,27,7,4487,3,Loyal
1648,14,4,2124,1,Champion
1649,72,2,2891,0,Need Attention
1650,11,5,1860,1,Champion
1651,98,5,694,0,Need Attention
1652,97,6,2662,3,Loyal
1654,85,4,1179,0,Need Attention
1655,17,3,1337,0,Need Attention
1656,85,6,2256,3,Loyal
1657,62,5,2675,0,Need Attention
1658,281,4,1469,0,Need Attention
1659,81,7,3461,3,Loyal
1660,77,6,2624,3,Loyal
1661,219,6,5880,3,Loyal
1662,63,5,1718,0,Need Attention
1663,14,6,2991,1,Champion
1664,43,7,3476,3,Loyal
1665,69,7,3302,3,Loyal
1666,79,4,1518,0,Need Attention
1667,77,7,5432,3,Loyal
1668,5,6,2901,1,Champion
1669,60,6,3361,3,Loyal
1670,61,9,5073,3,Loyal
1671,44,4,1221,0,Need Attention
1672,43,11,5905,3,Loyal
1673,134,3,748,2,Lost
1674,49,5,160,2,Lost
1675,102,4,3067,0,Need Attention
1676,88,5,4291,3,Loyal
1677,99,8,2781,3,Loyal
1679,137,4,3026,0,Need Attention
1680,113,3,1931,0,Need Attention
1682,83,6,5354,3,Loyal
1683,83,9,5995,3,Loyal
1684,17,6,1507,1,Champion
1685,26,2,677,2,Lost
1686,79,10,5672,3,Loyal
1688,39,7,2421,3,Loyal
1689,137,5,3334,3,Loyal
1690,17,9,2570,1,Champion
1691,3,8,3832,1,Champion
1692,128,4,1168,0,Need Attention
1693,76,6,3726,3,Loyal
1695,38,5,3646,3,Loyal
1696,29,9,6524,3,Loyal
1697,25,5,3042,3,Loyal
1699,82,7,3497,3,Loyal
1700,70,6,1483,0,Need Attention
1702,15,6,2185,1,Champion
1703,4,4,761,1,Champion
1704,120,2,1678,0,Need Attention
1705,16,4,2109,0,Need Attention
1707,18,8,3463,1,Champion
1708,259,4,2225,0,Need Attention
1709,5,5,2059,1,Champion
1710,81,4,1638,0,Need Attention
1712,287,2,781,2,Lost
1713,7,7,3889,1,Champion
1714,39,6,3372,3,Loyal
1715,103,3,629,2,Lost
1716,135,2,1444,2,Lost
1717,47,4,1951,0,Need Attention
1718,25,5,1539,0,Need Attention
1719,20,5,2228,1,Champion
1720,24,5,3538,3,Loyal
1721,1,7,3766,1,Champion
1722,5,8,6474,1,Champion
1723,18,5,2965,1,Champion
1724,104,4,958,0,Need Attention
1725,61,6,5166,3,Loyal
1726,118,5,4031,3,Loyal
1727,72,7,3036,3,Loyal
1728,46,6,3684,3,Loyal
1729,59,6,3005,3,Loyal
1730,21,3,418,2,Lost
1731,44,11,3521,3,Loyal
1732,98,5,2263,0,Need Attention
1733,54,5,3170,3,Loyal
1734,26,2,923,2,Lost
1735,66,4,2417,0,Need Attention
1736,55,6,3759,3,Loyal
1737,46,3,3531,0,Need Attention
1738,22,4,1841,0,Need Attention
1739,38,4,2395,0,Need Attention
1740,7,8,3770,1,Champion
1741,65,3,2725,0,Need Attention
1742,60,6,1942,0,Need Attention
1743,87,7,4448,3,Loyal
1744,110,3,539,2,Lost
1745,6,12,3164,1,Champion
1746,106,6,3706,3,Loyal
1747,191,4,995,0,Need Attention
1748,3,10,4973,1,Champion
1750,56,6,5227,3,Loyal
1752,29,7,3240,3,Loyal
1753,28,4,2093,0,Need Attention
1755,49,6,3451,3,Loyal
1756,63,3,2046,0,Need Attention
1758,3,7,1764,1,Champion
1759,19,6,2828,1,Champion
1760,13,6,3666,1,Champion
1761,19,5,3258,1,Champion
1762,22,11,5296,3,Loyal
1763,10,7,3434,1,Champion
1764,3,4,1154,1,Champion
1765,47,6,4439,3,Loyal
1766,179,5,1829,0,Need Attention
1767,5,5,3152,1,Champion
1768,93,1,437,2,Lost
1770,14,7,4366,1,Champion
1771,40,5,1932,0,Need Attention
1772,169,4,1648,0,Need Attention
1774,98,4,1168,0,Need Attention
1775,53,5,2480,0,Need Attention
1776,35,6,2607,3,Loyal
1777,71,6,2651,3,Loyal
1778,313,2,2040,0,Need Attention
1779,130,6,5042,3,Loyal
1780,39,4,1641,0,Need Attention
1781,10,4,1589,1,Champion
1782,82,5,3162,3,Loyal
1784,72,4,1239,0,Need Attention
1785,35,6,2827,3,Loyal
1786,175,2,963,2,Lost
1787,1,6,4865,1,Champion
1788,30,9,4979,3,Loyal
1789,61,3,2066,0,Need Attention
1790,33,5,2258,0,Need Attention
1791,118,6,2595,3,Loyal
1793,61,6,4960,3,Loyal
1794,2,4,1713,1,Champion
1795,4,6,2882,1,Champion
1796,123,2,221,2,Lost
1797,55,11,6539,3,Loyal
1798,14,7,2934,1,Champion
1800,172,3,2440,0,Need Attention
1801,66,8,4098,3,Loyal
1802,14,8,5035,1,Champion
1804,32,3,2156,0,Need Attention
1805,91,4,634,0,Need Attention
1806,38,8,4810,3,Loyal
1807,61,6,2514,3,Loyal
1808,77,7,7965,3,Loyal
1809,28,6,3918,3,Loyal
1810,7,2,168,2,Lost
1812,23,9,3980,3,Loyal
1813,19,6,2137,1,Champion
1814,52,6,2459,3,Loyal
1815,12,5,1964,1,Champion
1817,32,11,4244,3,Loyal
1818,25,7,4516,3,Loyal
1819,253,2,763,2,Lost
1820,36,9,4883,3,Loyal
1821,25,12,7335,3,Loyal
1823,162,6,2266,0,Need Attention
1824,13,7,3263,1,Champion
1825,41,6,4977,3,Loyal
1826,41,7,3405,3,Loyal
1827,39,4,2549,0,Need Attention
1828,151,3,757,2,Lost
1829,4,3,1805,1,Champion
1830,14,7,4578,1,Champion
1831,166,8,2147,3,Loyal
1832,85,8,5739,3,Loyal
1833,11,5,2441,1,Champion
1834,127,4,4434,0,Need Attention
1835,26,6,1039,0,Need Attention
1836,167,2,1219,2,Lost
1837,36,7,4515,3,Loyal
1838,50,5,4691,3,Loyal
1839,50,7,2784,3,Loyal
1840,99,7,2259,3,Loyal
1841,37,3,1677,0,Need Attention
1842,212,5,3055,0,Need Attention
1843,113,4,2132,0,Need Attention
1844,42,6,3348,3,Loyal
1845,22,7,4572,3,Loyal
1846,334,1,356,2,Lost
1847,33,3,1919,0,Need Attention
1848,43,6,4456,3,Loyal
1850,45,7,5159,3,Loyal
1851,286,2,881,2,Lost
1852,98,4,3257,0,Need Attention
1853,27,9,5184,3,Loyal
1854,1,3,2135,1,Champion
1855,23,4,2257,0,Need Attention
1856,128,2,253,2,Lost
1857,88,4,3240,0,Need Attention
1858,22,8,5387,3,Loyal
1859,77,5,2355,0,Need Attention
1860,12,5,3765,1,Champion
1861,30,5,2890,3,Loyal
1863,247,5,5786,3,Loyal
1864,25,10,2925,3,Loyal
1865,100,1,690,2,Lost
1866,39,9,8834,3,Loyal
1867,3,8,3914,1,Champion
1868,27,6,7566,3,Loyal
1869,42,4,1623,0,Need Attention
1870,39,7,4382,3,Loyal
1871,95,4,2220,0,Need Attention
1872,140,5,2516,0,Need Attention
1873,9,4,2807,1,Champion
1875,99,6,3921,3,Loyal
1876,139,5,4057,3,Loyal
1877,81,6,1507,0,Need Attention
1878,33,6,2755,3,Loyal
1879,48,7,1914,3,Loyal
1881,36,7,5018,3,Loyal
1882,129,6,4054,3,Loyal
1885,5,9,6979,1,Champion
1886,7,4,2434,1,Champion
1887,106,9,6804,3,Loyal
1888,88,4,3288,0,Need Attention
1889,136,5,3710,3,Loyal
1890,45,9,6710,3,Loyal
1891,82,7,4045,3,Loyal
1893,3,7,3637,1,Champion
1894,37,4,1907,0,Need Attention
1895,8,5,541,1,Champion
1896,160,3,2411,0,Need Attention
1897,63,7,2502,3,Loyal
1898,61,6,4787,3,Loyal
1900,68,4,1017,0,Need Attention
1901,128,7,5809,3,Loyal
1902,53,5,2134,0,Need Attention
1903,17,4,4098,1,Champion
1904,68,3,1604,0,Need Attention
1905,11,9,4833,1,Champion
1906,2,6,2957,1,Champion
1907,111,4,1014,0,Need Attention
1908,108,6,3725,3,Loyal
1909,60,6,3456,3,Loyal
1910,18,3,907,0,Need Attention
1911,62,2,689,2,Lost
1912,39,9,3286,3,Loyal
1913,43,13,3254,3,Loyal
1914,13,8,2248,1,Champion
1915,62,5,2568,0,Need Attention
1916,54,7,4545,3,Loyal
1917,29,7,5107,3,Loyal
1918,2,5,3092,1,Champion
1919,45,4,1841,0,Need Attention
1920,70,1,90,2,Lost
1921,41,1,64,2,Lost
1922,94,3,1580,0,Need Attention
1923,16,4,3078,1,Champion
1924,26,3,1761,0,Need Attention
1926,6,5,4911,1,Champion
1927,91,5,3658,3,Loyal
1928,35,2,879,2,Lost
1929,46,6,1912,0,Need Attention
1930,22,5,2428,1,Champion
1931,24,3,384,2,Lost
1932,90,8,4328,3,Loyal
1933,42,8,4271,3,Loyal
1934,4,6,2439,1,Champion
1935,58,6,3568,3,Loyal
1936,78,8,3553,3,Loyal
1937,35,6,4274,3,Loyal
1938,230,4,3014,0,Need Attention
1939,77,2,201,2,Lost
1940,77,4,3259,0,Need Attention
1941,6,4,3130,1,Champion
1942,17,8,4675,1,Champion
1943,300,3,357,2,Lost
1944,6,5,1345,1,Champion
1945,116,3,710,2,Lost
1946,89,13,4063,3,Loyal
1947,36,9,3974,3,Loyal
1949,30,7,3586,3,Loyal
1950,7,9,3817,1,Champion
1951,119,8,4514,3,Loyal
1952,77,10,2882,3,Loyal
1953,11,7,3899,1,Champion
1954,101,8,4938,3,Loyal
1955,79,3,1215,0,Need Attention
1956,34,4,1267,0,Need Attention
1957,20,10,5079,3,Loyal
1958,70,4,1090,0,Need Attention
1959,142,8,3479,3,Loyal
1960,70,3,2561,0,Need Attention
1961,26,3,3361,0,Need Attention
1962,94,2,758,2,Lost
1963,10,2,1828,0,Need Attention
1964,103,6,4239,3,Loyal
1965,7,5,2093,1,Champion
1967,23,5,4348,3,Loyal
1968,160,5,1810,0,Need Attention
1969,18,6,2623,1,Champion
1970,1,8,3660,1,Champion
1973,48,4,3371,0,Need Attention
1974,33,5,1601,0,Need Attention
1975,109,2,79,2,Lost
1976,136,6,1731,0,Need Attention
1978,153,2,166,2,Lost
1979,34,5,4541,3,Loyal
1980,74,8,4822,3,Loyal
1981,90,3,2291,0,Need Attention
1982,51,8,3939,3,Loyal
1983,3,4,3061,1,Champion
1984,49,7,7256,3,Loyal
1985,1,7,2665,1,Champion
1987,43,3,711,2,Lost
1988,135,8,6006,3,Loyal
1989,23,4,1659,0,Need Attention
1990,11,7,2263,1,Champion
1991,2,10,8256,1,Champion
1992,141,10,6658,3,Loyal
1993,75,8,2784,3,Loyal
1995,126,6,2094,0,Need Attention
1996,14,7,2525,1,Champion
1997,55,5,2854,0,Need Attention
1998,157,4,2715,0,Need Attention
1999,4,7,2424,1,Champion
2000,45,3,999,0,Need Attention
2001,87,8,5347,3,Loyal
2002,98,3,1637,0,Need Attention
2003,220,2,214,2,Lost
2004,47,5,2909,3,Loyal
2005,6,6,4047,1,Champion
2006,148,5,2255,0,Need Attention
2007,24,3,4150,0,Need Attention
2008,30,6,2209,3,Loyal
2009,6,7,2357,1,Champion
2010,35,5,2168,0,Need Attention
2011,316,3,560,2,Lost
2012,14,5,2714,1,Champion
2013,16,8,4367,1,Champion
2014,55,6,2872,3,Loyal
2015,51,6,2970,3,Loyal
2016,69,6,2390,3,Loyal
2017,13,5,3692,1,Champion
2018,36,7,2335,3,Loyal
2019,53,8,4781,3,Loyal
2020,44,7,4959,3,Loyal
2021,126,2,90,2,Lost
2023,14,10,5132,1,Champion
2024,30,6,3558,3,Loyal
2025,139,4,2183,0,Need Attention
2026,147,4,3447,0,Need Attention
2027,15,7,3237,1,Champion
2028,41,7,3648,3,Loyal
2029,2,9,4156,1,Champion
2030,240,4,4622,0,Need Attention
2031,20,4,1998,0,Need Attention
2032,6,2,978,2,Lost
2033,12,7,4458,1,Champion
2034,90,6,2438,3,Loyal
2035,128,3,1405,0,Need Attention
2037,99,4,2941,0,Need Attention
2038,14,4,3207,1,Champion
2039,200,4,2094,0,Need Attention
2040,97,2,1364,2,Lost
2041,81,6,3799,3,Loyal
2042,12,3,2006,0,Need Attention
2043,140,5,3472,3,Loyal
2044,6,5,3977,1,Champion
2045,56,8,4267,3,Loyal
2046,34,9,9188,3,Loyal
2047,280,1,1215,2,Lost
2048,58,6,5350,3,Loyal
2049,77,5,2532,0,Need Attention
2050,7,4,2099,1,Champion
2051,52,6,6140,3,Loyal
2055,1,9,5563,1,Champion
2056,55,2,1028,2,Lost
2057,17,6,5006,1,Champion
2058,121,7,3634,3,Loyal
2059,171,4,1500,0,Need Attention
2060,6,11,5875,1,Champion
2061,133,6,3867,3,Loyal
2062,43,5,3465,3,Loyal
2063,10,5,1823,1,Champion
2064,107,5,3327,3,Loyal
2065,216,4,2071,0,Need Attention
2066,91,5,2259,0,Need Attention
2067,31,8,3743,3,Loyal
2068,160,5,3933,3,Loyal
2069,52,6,5879,3,Loyal
2070,5,8,4731,1,Champion
2072,9,13,4136,1,Champion
2075,5,4,2302,1,Champion
2076,20,8,5576,3,Loyal
2077,228,3,2429,0,Need Attention
2078,66,5,1976,0,Need Attention
2079,4,3,2692,1,Champion
2080,163,6,3454,3,Loyal
2081,12,5,2531,1,Champion
2082,2,7,2903,1,Champion
2085,28,3,2196,0,Need Attention
2086,99,3,949,0,Need Attention
2087,56,5,1624,0,Need Attention
2088,10,6,2927,1,Champion
2089,148,2,119,2,Lost
2090,164,2,289,2,Lost
2091,212,3,2764,0,Need Attention
2092,17,5,3651,1,Champion
2093,61,6,3660,3,Loyal
2094,35,5,1368,0,Need Attention
2095,21,10,6194,3,Loyal
2096,133,5,4320,3,Loyal
2097,39,6,4647,3,Loyal
2098,9,6,2293,1,Champion
2099,64,7,4576,3,Loyal
2100,19,5,2399,1,Champion
2101,21,9,5630,3,Loyal
2102,18,7,3934,1,Champion
2103,15,10,6752,3,Loyal
2104,81,8,2341,3,Loyal
2105,24,5,5155,3,Loyal
2106,4,4,3249,1,Champion
2107,65,2,892,2,Lost
2108,13,3,2077,0,Need Attention
2109,3,8,5263,1,Champion
2110,27,6,2299,3,Loyal
2111,7,9,4790,1,Champion
2112,3,4,3696,1,Champion
2113,34,4,2989,0,Need Attention
2114,15,6,2997,1,Champion
2115,48,2,1168,2,Lost
2116,106,4,4128,0,Need Attention
2117,25,5,2724,3,Loyal
2118,136,6,2385,3,Loyal
2119,68,4,2795,0,Need Attention
2120,3,8,4543,1,Champion
2121,90,9,4204,3,Loyal
2122,9,2,843,2,Lost
2123,196,6,2289,0,Need Attention
2125,14,6,1710,1,Champion
2126,26,4,594,0,Need Attention
2127,33,5,1884,0,Need Attention
2128,14,2,1596,0,Need Attention
2129,150,2,873,2,Lost
2130,2,8,4253,1,Champion
2131,102,5,964,0,Need Attention
2132,19,8,6401,3,Loyal
2133,121,5,3126,0,Need Attention
2134,82,5,3923,3,Loyal
2135,339,1,217,2,Lost
2136,11,4,3917,1,Champion
2137,21,4,1433,0,Need Attention
2138,44,7,4736,3,Loyal
2139,61,5,5380,3,Loyal
2140,99,8,4700,3,Loyal
2141,77,4,2611,0,Need Attention
2142,82,7,5258,3,Loyal
2143,28,4,2009,0,Need Attention
2144,68,8,5253,3,Loyal
2145,195,1,299,2,Lost
2147,126,3,1419,0,Need Attention
2148,138,4,2346,0,Need Attention
2149,12,8,3416,1,Champion
2152,2,9,4281,1,Champion
2153,77,7,4042,3,Loyal
2154,39,6,4268,3,Loyal
2155,20,11,4113,3,Loyal
2156,114,6,2495,3,Loyal
2157,162,2,338,2,Lost
2158,51,5,1650,0,Need Attention
2160,48,6,2672,3,Loyal
2162,54,4,1779,0,Need Attention
2163,71,4,1721,0,Need Attention
2164,69,7,3328,3,Loyal
2165,1,10,6052,1,Champion
2166,59,6,3071,3,Loyal
2167,145,6,1539,0,Need Attention
2168,3,3,1863,1,Champion
2169,118,5,5712,3,Loyal
2170,29,6,4828,3,Loyal
2171,35,6,1251,0,Need Attention
2172,30,4,5407,3,Loyal
2173,158,4,2250,0,Need Attention
2174,82,5,2884,0,Need Attention
2175,59,4,3173,0,Need Attention
2176,29,3,2088,0,Need Attention
2177,99,5,2762,0,Need Attention
2178,78,4,451,2,Lost
2179,37,7,3631,3,Loyal
2180,81,5,3527,3,Loyal
2181,52,8,1765,3,Loyal
2182,18,8,4766,3,Loyal
2183,9,14,6513,1,Champion
2184,38,11,7123,3,Loyal
2185,137,7,5144,3,Loyal
2186,155,3,1956,0,Need Attention
2187,64,7,5644,3,Loyal
2188,71,6,4735,3,Loyal
2189,41,10,4914,3,Loyal
2191,13,4,2754,1,Champion
2192,43,4,985,0,Need Attention
2193,55,4,2957,0,Need Attention
2194,43,8,6198,3,Loyal
2195,3,5,4139,1,Champion
2196,72,5,985,0,Need Attention
2197,120,3,378,2,Lost
2198,26,3,1152,0,Need Attention
2199,25,4,2644,0,Need Attention
2200,255,1,745,2,Lost
2201,31,7,6291,3,Loyal
2202,59,9,5046,3,Loyal
2203,50,5,3469,3,Loyal
2204,18,8,3346,1,Champion
2205,101,3,1781,0,Need Attention
2206,59,4,1464,0,Need Attention
2207,75,6,3604,3,Loyal
2209,266,1,445,2,Lost
2210,28,9,4888,3,Loyal
2212,42,6,2722,3,Loyal
2213,16,5,4212,1,Champion
2215,20,2,327,2,Lost
2216,75,3,1644,0,Need Attention
2217,23,7,3905,3,Loyal
2218,22,3,2743,0,Need Attention
2219,62,5,3493,3,Loyal
2220,86,4,2129,0,Need Attention
2221,95,8,4651,3,Loyal
2222,60,6,3821,3,Loyal
2223,55,7,3538,3,Loyal
2224,288,3,1041,0,Need Attention
2225,209,3,3512,0,Need Attention
2226,50,8,3121,3,Loyal
2227,41,5,2168,0,Need Attention
2228,169,4,1425,0,Need Attention
2229,22,4,2114,0,Need Attention
2231,65,3,2685,0,Need Attention
2232,60,6,2198,3,Loyal
2233,64,7,2332,3,Loyal
2234,155,5,1409,0,Need Attention
2235,81,6,3649,3,Loyal
2236,2,3,2123,1,Champion
2238,142,3,2411,0,Need Attention
2239,33,2,736,2,Lost
2240,32,12,6128,3,Loyal
2241,18,4,1454,0,Need Attention
2242,171,3,898,2,Lost
2243,184,3,1115,0,Need Attention
2244,64,5,1796,0,Need Attention
2245,75,7,3320,3,Loyal
2246,100,4,2217,0,Need Attention
2247,30,7,4957,3,Loyal
2248,52,8,3914,3,Loyal
2252,131,4,1567,0,Need Attention
2253,85,5,1639,0,Need Attention
2254,4,5,2318,1,Champion
2255,144,2,1458,2,Lost
2256,170,3,1461,0,Need Attention
2257,65,5,4193,3,Loyal
2258,53,6,3881,3,Loyal
2259,162,4,2600,0,Need Attention
2260,18,6,5378,1,Champion
2261,36,4,1465,0,Need Attention
2262,76,4,1502,0,Need Attention
2263,36,5,3371,3,Loyal
2264,154,6,2557,3,Loyal
2267,100,5,1799,0,Need Attention
2268,36,8,4473,3,Loyal
2269,48,7,5404,3,Loyal
2270,130,5,5154,3,Loyal
2272,105,6,3344,3,Loyal
2273,27,10,2795,3,Loyal
2274,56,2,35,2,Lost
2275,122,6,5688,3,Loyal
2276,11,4,2304,1,Champion
2277,37,4,2713,0,Need Attention
2278,35,4,279,2,Lost
2279,36,8,4008,3,Loyal
2280,25,5,1702,0,Need Attention
2282,15,6,3131,1,Champion
2283,31,7,4474,3,Loyal
2284,35,7,4735,3,Loyal
2285,40,7,1796,3,Loyal
2286,50,5,2878,0,Need Attention
2287,160,2,273,2,Lost
2288,30,6,4438,3,Loyal
2289,60,4,2224,0,Need Attention
2290,73,5,4225,3,Loyal
2291,108,1,198,2,Lost
2292,46,7,4768,3,Loyal
2293,86,5,1410,0,Need Attention
2294,74,7,5050,3,Loyal
2295,18,4,3690,1,Champion
2296,37,4,3592,0,Need Attention
2297,38,5,4274,3,Loyal
2298,46,5,2337,0,Need Attention
2299,60,6,3142,3,Loyal
2301,6,5,4639,1,Champion
2302,54,3,2611,0,Need Attention
2303,145,2,969,2,Lost
2305,79,4,2178,0,Need Attention
2306,7,4,2513,1,Champion
2307,82,11,3887,3,Loyal
2308,14,9,5077,1,Champion
2309,54,12,7161,3,Loyal
2310,16,6,4022,1,Champion
2311,67,5,4460,3,Loyal
2312,42,4,1578,0,Need Attention
2313,45,6,2842,3,Loyal
2314,49,3,2355,0,Need Attention
2315,153,5,600,0,Need Attention
2316,47,4,1437,0,Need Attention
2317,54,5,2715,0,Need Attention
2318,17,7,3627,1,Champion
2319,10,4,4564,1,Champion
2320,25,3,1690,0,Need Attention
2321,162,3,3183,0,Need Attention
2322,68,4,2585,0,Need Attention
2323,213,3,1959,0,Need Attention
2324,79,4,1322,0,Need Attention
2325,122,5,2178,0,Need Attention
2326,113,1,309,2,Lost
2327,225,3,2601,0,Need Attention
2328,152,1,356,2,Lost
2329,9,5,2276,1,Champion
2330,5,3,1203,1,Champion
2331,20,7,3707,3,Loyal
2332,32,4,651,0,Need Attention
2333,93,4,2113,0,Need Attention
2334,70,3,1315,0,Need Attention
2335,12,7,4112,1,Champion
2336,75,9,5853,3,Loyal
2337,173,3,398,2,Lost
2338,24,7,3574,3,Loyal
2339,26,7,2368,3,Loyal
2340,6,9,4585,1,Champion
2341,14,7,4952,1,Champion
2343,63,3,3275,0,Need Attention
2344,48,6,2605,3,Loyal
2345,1,4,4609,1,Champion
2346,163,5,3315,0,Need Attention
2347,88,9,5640,3,Loyal
2348,61,4,831,0,Need Attention
2349,55,5,2500,0,Need Attention
2350,181,4,766,0,Need Attention
2351,56,7,4068,3,Loyal
2352,37,1,1279,2,Lost
2353,82,10,4842,3,Loyal
2354,37,5,3458,3,Loyal
2355,71,5,4351,3,Loyal
2356,147,4,2674,0,Need Attention
2357,41,4,2741,0,Need Attention
2358,4,11,3682,1,Champion
2359,83,8,2688,3,Loyal
2360,28,6,4962,3,Loyal
2361,23,7,4178,3,Loyal
2362,46,3,959,0,Need Attention
2363,59,6,3222,3,Loyal
2364,44,5,4826,3,Loyal
2365,2,5,2411,1,Champion
2366,20,5,2554,1,Champion
2367,26,6,4188,3,Loyal
2368,75,6,4675,3,Loyal
2369,2,8,6854,1,Champion
2370,21,3,1902,0,Need Attention
2371,94,5,2642,0,Need Attention
2372,1,8,2940,1,Champion
2373,46,4,2381,0,Need Attention
2374,15,7,5300,1,Champion
2375,44,7,5641,3,Loyal
2376,12,3,1920,0,Need Attention
2377,8,5,4707,1,Champion
2378,11,5,2777,1,Champion
2379,4,11,8252,1,Champion
2380,43,6,4015,3,Loyal
2381,30,7,2731,3,Loyal
2382,39,7,1301,0,Need Attention
2383,22,9,5876,3,Loyal
2384,60,6,3796,3,Loyal
2385,32,8,4797,3,Loyal
2386,13,7,5453,1,Champion
2387,183,2,147,2,Lost
2388,114,7,5387,3,Loyal
2389,9,3,1030,0,Need Attention
2390,70,6,4636,3,Loyal
2391,13,9,4852,1,Champion
2392,27,5,1547,0,Need Attention
2393,123,2,192,2,Lost
2394,91,1,745,2,Lost
2395,63,1,57,2,Lost
2396,1,4,2198,1,Champion
2397,54,9,4002,3,Loyal
2398,114,3,746,2,Lost
2399,39,6,2724,3,Loyal
2400,20,8,5205,3,Loyal
2401,22,8,5804,3,Loyal
2402,79,3,788,2,Lost
2403,151,4,767,0,Need Attention
2404,188,5,2978,0,Need Attention
2405,46,5,1853,0,Need Attention
2406,81,4,1341,0,Need Attention
2408,25,3,2824,0,Need Attention
2410,37,6,3695,3,Loyal
2411,224,4,3483,0,Need Attention
2412,18,6,3903,1,Champion
2413,59,7,4523,3,Loyal
2414,5,3,1757,1,Champion
2415,44,5,1844,0,Need Attention
2416,223,2,300,2,Lost
2417,23,1,451,2,Lost
2418,3,7,5457,1,Champion
2419,52,8,2702,3,Loyal
2420,140,3,1749,0,Need Attention
2421,1,6,409,1,Champion
2422,33,5,2606,0,Need Attention
2423,60,1,50,2,Lost
2425,9,9,3921,1,Champion
2427,4,6,4388,1,Champion
2428,38,8,6011,3,Loyal
2429,223,3,2883,0,Need Attention
2430,116,4,2664,0,Need Attention
2431,219,2,167,2,Lost
2432,41,5,2073,0,Need Attention
2433,27,10,5108,3,Loyal
2434,1,9,6874,1,Champion
2435,124,5,2656,0,Need Attention
2436,17,4,1700,0,Need Attention
2437,199,2,375,2,Lost
2438,28,7,3058,3,Loyal
2440,54,3,1067,0,Need Attention
2442,81,6,2619,3,Loyal
2443,13,6,3040,1,Champion
2444,45,4,3270,0,Need Attention
2445,18,5,2205,1,Champion
2447,40,7,3068,3,Loyal
2448,7,6,2580,1,Champion
2449,77,5,3150,3,Loyal
2450,41,2,2365,0,Need Attention
2451,18,3,1602,0,Need Attention
2452,10,4,1147,1,Champion
2453,57,6,2587,3,Loyal
2454,30,10,6272,3,Loyal
2456,168,5,2439,0,Need Attention
2457,53,6,2757,3,Loyal
2458,5,7,7756,1,Champion
2459,54,11,4737,3,Loyal
2460,51,4,1204,0,Need Attention
2461,32,6,2067,3,Loyal
2462,25,5,3481,3,Loyal
2463,65,8,5972,3,Loyal
2464,3,13,7817,1,Champion
2465,12,9,4384,1,Champion
2466,20,5,1576,0,Need Attention
2467,22,5,1961,0,Need Attention
2468,22,9,6900,3,Loyal
2469,21,7,5796,3,Loyal
2471,14,5,2490,1,Champion
2472,86,6,4181,3,Loyal
2473,114,5,2600,0,Need Attention
2474,65,7,4958,3,Loyal
2475,86,7,6245,3,Loyal
2476,15,14,7493,3,Loyal
2477,41,1,802,2,Lost
2478,115,6,2231,3,Loyal
2479,3,6,1732,1,Champion
2480,43,5,3382,3,Loyal
2481,21,7,3836,3,Loyal
2482,233,3,1400,0,Need Attention
2484,25,5,2143,0,Need Attention
2485,5,5,953,1,Champion
2486,230,2,1185,2,Lost
2487,99,4,2180,0,Need Attention
2488,19,6,2774,1,Champion
2489,41,8,6854,3,Loyal
2491,106,5,1588,0,Need Attention
2492,8,10,8437,1,Champion
2493,55,3,2303,0,Need Attention
2494,96,6,2938,3,Loyal
2495,32,8,2232,3,Loyal
2496,197,5,707,0,Need Attention
2497,47,4,2981,0,Need Attention
2498,8,8,3423,1,Champion
2499,176,3,2160,0,Need Attention
2500,24,3,766,0,Need Attention
2501,19,7,1813,1,Champion
2502,15,5,2014,1,Champion
2503,109,4,2609,0,Need Attention
2505,13,9,3340,1,Champion
2507,48,4,3467,0,Need Attention
2508,57,10,6568,3,Loyal
2509,26,8,3812,3,Loyal
2510,112,6,5681,3,Loyal
2511,33,4,2152,0,Need Attention
2512,112,6,1594,0,Need Attention
2513,107,7,3831,3,Loyal
2514,47,3,1853,0,Need Attention
2516,84,3,825,2,Lost
2517,146,3,2945,0,Need Attention
2518,71,5,4636,3,Loyal
2519,109,4,456,2,Lost
2520,12,5,2283,1,Champion
2521,209,3,2105,0,Need Attention
2523,15,9,4572,1,Champion
2524,185,6,2222,0,Need Attention
2525,304,1,217,2,Lost
2526,54,6,2467,3,Loyal
2527,41,7,4600,3,Loyal
2528,26,7,4870,3,Loyal
2529,99,7,4083,3,Loyal
2530,10,6,1691,1,Champion
2531,6,7,3162,1,Champion
2533,19,3,1710,0,Need Attention
2534,46,7,1900,3,Loyal
2535,15,6,3065,1,Champion
2536,8,6,4622,1,Champion
2537,23,11,6157,3,Loyal
2539,41,5,2862,3,Loyal
2540,21,7,3511,3,Loyal
2541,21,2,1918,0,Need Attention
2542,44,7,6559,3,Loyal
2543,23,4,4303,3,Loyal
2544,33,6,3044,3,Loyal
2545,118,3,1970,0,Need Attention
2546,20,4,974,0,Need Attention
2547,185,3,703,2,Lost
2548,4,12,5981,1,Champion
2549,58,4,2211,0,Need Attention
2550,12,5,3128,1,Champion
2551,266,4,2445,0,Need Attention
2554,60,5,2883,0,Need Attention
2555,2,5,5495,1,Champion
2559,13,6,2187,1,Champion
2560,46,11,5595,3,Loyal
2562,102,7,3848,3,Loyal
2563,58,5,1715,0,Need Attention
2564,48,5,1144,0,Need Attention
2565,30,9,7496,3,Loyal
2566,18,10,3154,3,Loyal
2567,72,4,1829,0,Need Attention
2568,73,4,1232,0,Need Attention
2569,76,7,3935,3,Loyal
2570,94,7,4345,3,Loyal
2571,46,3,2222,0,Need Attention
2572,80,8,4558,3,Loyal
2573,15,4,2007,0,Need Attention
2575,11,5,2118,1,Champion
2576,79,7,2522,3,Loyal
2577,94,6,2095,0,Need Attention
2578,39,4,1955,0,Need Attention
2579,50,3,788,2,Lost
2580,65,8,5690,3,Loyal
2582,53,5,2912,0,Need Attention
2583,93,4,2652,0,Need Attention
2584,39,5,2208,0,Need Attention
2585,6,7,3498,1,Champion
2586,20,3,1145,0,Need Attention
2587,65,9,4776,3,Loyal
2588,179,3,3493,0,Need Attention
2590,51,6,5483,3,Loyal
2592,38,8,6490,3,Loyal
2593,61,4,937,0,Need Attention
2594,92,6,4895,3,Loyal
2595,45,8,4631,3,Loyal
2596,73,5,3854,3,Loyal
2597,6,6,4017,1,Champion
2598,88,5,3931,3,Loyal
2599,54,6,2866,3,Loyal
2600,172,3,3233,0,Need Attention
2601,37,8,4582,3,Loyal
2602,72,7,4041,3,Loyal
2603,15,7,4657,1,Champion
2604,87,6,2795,3,Loyal
2605,116,5,4346,3,Loyal
2606,6,10,4718,1,Champion
2607,6,8,1943,1,Champion
2608,18,7,1553,1,Champion
2609,188,7,2569,3,Loyal
2610,113,8,5598,3,Loyal
2611,3,7,2609,1,Champion
2612,210,2,1145,2,Lost
2615,56,9,5517,3,Loyal
2616,43,11,6417,3,Loyal
2618,8,10,3007,1,Champion
2619,77,2,2659,0,Need Attention
2620,31,8,4919,3,Loyal
2621,10,7,3235,1,Champion
2622,17,7,3800,1,Champion
2623,11,4,3633,1,Champion
2624,28,4,2083,0,Need Attention
2625,85,4,1764,0,Need Attention
2626,42,4,2023,0,Need Attention
2627,34,6,4375,3,Loyal
2628,174,4,1808,0,Need Attention
2629,45,5,4119,3,Loyal
2630,63,10,4794,3,Loyal
2631,28,3,866,0,Need Attention
2634,190,3,798,2,Lost
2635,69,8,5178,3,Loyal
2636,31,3,407,2,Lost
2637,55,11,11222,3,Loyal
2638,84,9,4047,3,Loyal
2639,32,5,3676,3,Loyal
2640,68,11,4246,3,Loyal
2641,12,7,2661,1,Champion
2642,21,2,1915,0,Need Attention
2643,55,3,348,2,Lost
2644,61,2,1607,0,Need Attention
2645,33,6,1500,0,Need Attention
2646,120,5,2013,0,Need Attention
2647,18,7,3791,1,Champion
2648,36,5,4384,3,Loyal
2649,130,4,3870,0,Need Attention
2650,26,6,2394,3,Loyal
2651,16,7,6073,1,Champion
2652,24,5,5319,3,Loyal
2653,4,9,7365,1,Champion
2654,109,9,5504,3,Loyal
2655,158,6,4527,3,Loyal
2656,139,7,4142,3,Loyal
2657,183,3,2648,0,Need Attention
2659,1,12,8143,1,Champion
2661,9,5,3638,1,Champion
2662,63,9,6500,3,Loyal
2663,165,5,2037,0,Need Attention
2664,135,7,3303,3,Loyal
2665,31,3,3383,0,Need Attention
2666,257,4,1424,0,Need Attention
2667,99,5,2515,0,Need Attention
2668,62,5,1542,0,Need Attention
2669,49,3,1280,0,Need Attention
2670,59,3,1311,0,Need Attention
2671,101,7,3015,3,Loyal
2672,16,8,2415,1,Champion
2673,91,5,1142,0,Need Attention
2674,45,5,3478,3,Loyal
2675,96,5,2643,0,Need Attention
2676,6,6,2943,1,Champion
2678,114,5,2932,0,Need Attention
2679,86,6,3337,3,Loyal
2680,17,8,3542,1,Champion
2681,51,5,2561,0,Need Attention
2682,39,8,3092,3,Loyal
2683,17,6,4760,1,Champion
2684,39,9,6337,3,Loyal
2686,25,11,6119,3,Loyal
2687,18,7,3107,1,Champion
2688,89,3,1017,0,Need Attention
2689,2,5,1614,1,Champion
2690,110,4,1082,0,Need Attention
2691,61,8,3088,3,Loyal
2692,41,3,854,0,Need Attention
2693,2,6,2772,1,Champion
2694,30,4,1536,0,Need Attention
2695,5,8,8104,1,Champion
2696,152,4,4142,0,Need Attention
2697,34,7,4623,3,Loyal
2698,13,7,3987,1,Champion
2699,61,5,1757,0,Need Attention
2700,72,4,1652,0,Need Attention
2701,53,9,4863,3,Loyal
2702,20,8,7613,3,Loyal
2704,236,3,513,2,Lost
2705,3,8,5470,1,Champion
2706,124,3,1343,0,Need Attention
2707,44,3,1323,0,Need Attention
2708,12,3,1879,0,Need Attention
2711,64,6,2814,3,Loyal
2712,17,6,4116,1,Champion
2713,1,2,755,1,Champion
2714,9,5,1252,1,Champion
2715,105,5,3221,3,Loyal
2716,144,4,1036,0,Need Attention
2717,42,9,4465,3,Loyal
2718,222,6,3484,3,Loyal
2719,11,3,1101,0,Need Attention
2720,149,4,902,0,Need Attention
2723,41,8,6591,3,Loyal
2724,143,4,1980,0,Need Attention
2725,177,4,353,2,Lost
2726,28,9,5184,3,Loyal
2727,50,5,4757,3,Loyal
2728,8,8,4054,1,Champion
2729,7,6,5280,1,Champion
2730,5,7,1604,1,Champion
2731,4,4,1513,1,Champion
2732,17,9,2787,1,Champion
2733,29,9,7827,3,Loyal
2735,149,2,836,2,Lost
2736,43,5,2449,0,Need Attention
2738,60,4,1177,0,Need Attention
2739,243,2,456,2,Lost
2740,27,8,4905,3,Loyal
2741,20,2,1246,0,Need Attention
2742,96,3,2031,0,Need Attention
2743,47,2,1428,0,Need Attention
2744,126,3,1264,0,Need Attention
2745,268,2,2772,0,Need Attention
2746,9,3,2316,1,Champion
2747,15,8,6371,1,Champion
2748,7,4,2059,1,Champion
2749,35,1,327,2,Lost
2751,4,8,3819,1,Champion
2752,13,4,3250,1,Champion
2753,68,11,5203,3,Loyal
2754,187,3,3273,0,Need Attention
2755,29,11,4904,3,Loyal
2759,111,5,3775,3,Loyal
2760,32,4,1617,0,Need Attention
2761,8,9,5082,1,Champion
2763,20,9,2910,3,Loyal
2766,48,6,6233,3,Loyal
2767,49,3,803,2,Lost
2768,24,6,3420,3,Loyal
2769,47,6,4177,3,Loyal
2770,31,9,10028,3,Loyal
2771,45,5,4754,3,Loyal
2772,26,5,2446,0,Need Attention
2773,5,4,2293,1,Champion
2775,13,6,1922,1,Champion
2777,104,6,3307,3,Loyal
2778,10,5,3348,1,Champion
2780,3,5,3092,1,Champion
2781,74,4,1289,0,Need Attention
2782,171,5,3450,3,Loyal
2783,74,11,2757,3,Loyal
2784,75,3,1075,0,Need Attention
2785,46,6,3411,3,Loyal
2786,4,6,2718,1,Champion
2787,38,6,6153,3,Loyal
2788,45,11,9061,3,Loyal
2789,25,2,549,2,Lost
2790,78,3,903,0,Need Attention
2791,15,6,5887,1,Champion
2792,219,3,1888,0,Need Attention
2793,35,7,3730,3,Loyal
2794,6,7,6417,1,Champion
2795,226,2,1208,2,Lost
2796,9,7,3816,1,Champion
2798,155,5,799,0,Need Attention
2799,30,8,5460,3,Loyal
2800,42,5,352,2,Lost
2802,173,3,456,2,Lost
2803,31,6,2743,3,Loyal
2804,59,7,3495,3,Loyal
2806,69,8,3420,3,Loyal
2807,354,1,133,2,Lost
2808,7,5,5190,1,Champion
2809,84,3,1182,0,Need Attention
2811,26,5,2448,0,Need Attention
2812,88,6,4558,3,Loyal
2813,205,4,2395,0,Need Attention
2814,14,4,3232,1,Champion
2816,9,10,5878,1,Champion
2817,16,3,1616,0,Need Attention
2818,100,4,3700,0,Need Attention
2819,163,4,2500,0,Need Attention
2820,59,7,4695,3,Loyal
2821,52,5,1471,0,Need Attention
2822,12,8,5340,1,Champion
2823,13,4,1636,0,Need Attention
2824,123,6,5278,3,Loyal
2825,113,4,1854,0,Need Attention
2826,12,12,6755,1,Champion
2829,145,2,1747,0,Need Attention
2830,96,5,2490,0,Need Attention
2831,15,5,3975,1,Champion
2832,24,8,3531,3,Loyal
2835,229,3,328,2,Lost
2836,14,9,4508,1,Champion
2838,16,3,1554,0,Need Attention
2839,18,8,2693,1,Champion
2840,17,4,811,0,Need Attention
2841,17,7,6522,3,Loyal
2843,21,6,4117,3,Loyal
2845,48,8,2497,3,Loyal
2846,16,3,799,0,Need Attention
2847,45,7,4509,3,Loyal
2848,14,4,3121,1,Champion
2850,8,8,5043,1,Champion
2851,10,7,4041,1,Champion
2852,104,4,2403,0,Need Attention
2853,82,8,4610,3,Loyal
2854,84,3,2292,0,Need Attention
2855,40,2,63,2,Lost
2856,7,7,5583,1,Champion
2857,114,6,5373,3,Loyal
2858,109,4,3119,0,Need Attention
2859,11,8,4153,1,Champion
2860,9,9,8357,1,Champion
2861,74,8,4518,3,Loyal
2862,15,5,1870,1,Champion
2863,176,1,167,2,Lost
2864,18,4,3023,1,Champion
2865,1,7,5283,1,Champion
2867,96,5,1087,0,Need Attention
2868,26,4,2129,0,Need Attention
2871,21,6,2345,1,Champion
2872,25,7,3109,3,Loyal
2873,105,3,2127,0,Need Attention
2874,61,11,7910,3,Loyal
2875,36,4,3231,0,Need Attention
2877,42,8,3642,3,Loyal
2878,1,3,784,1,Champion
2879,15,8,5572,1,Champion
2880,19,8,4772,3,Loyal
2881,73,6,3646,3,Loyal
2882,295,2,1486,2,Lost
2883,50,7,5553,3,Loyal
2884,15,7,3913,1,Champion
2885,95,9,4839,3,Loyal
2886,40,8,4022,3,Loyal
2887,25,9,6202,3,Loyal
2888,30,6,5055,3,Loyal
2889,106,5,4722,3,Loyal
2890,87,6,3395,3,Loyal
2891,63,7,4629,3,Loyal
2892,13,5,4015,1,Champion
2893,60,3,3533,0,Need Attention
2894,87,8,7095,3,Loyal
2895,259,2,950,2,Lost
2896,195,2,1319,2,Lost
2897,47,5,2828,0,Need Attention
2898,79,4,2343,0,Need Attention
2899,31,6,2554,3,Loyal
2900,62,3,2041,0,Need Attention
2902,197,2,899,2,Lost
2903,27,3,1370,0,Need Attention
2904,24,7,3163,3,Loyal
2905,9,4,689,0,Need Attention
2906,46,4,1408,0,Need Attention
2907,75,7,5213,3,Loyal
2908,2,6,2066,1,Champion
2909,84,7,4644,3,Loyal
2910,88,7,2752,3,Loyal
2911,284,2,687,2,Lost
2913,90,6,1548,0,Need Attention
2914,13,12,6835,1,Champion
2915,34,7,1661,3,Loyal
2916,25,5,1571,0,Need Attention
2919,22,6,3489,3,Loyal
2920,100,2,1774,0,Need Attention
2922,2,4,2947,1,Champion
2923,14,7,3149,1,Champion
2924,65,5,2485,0,Need Attention
2925,94,5,2770,0,Need Attention
2926,144,4,1341,0,Need Attention
2927,100,3,2440,0,Need Attention
2928,176,5,3739,3,Loyal
2929,2,8,5308,1,Champion
2930,72,6,3166,3,Loyal
2931,58,6,1700,0,Need Attention
2932,20,10,5823,3,Loyal
2933,96,5,1241,0,Need Attention
2934,62,6,3777,3,Loyal
2936,60,6,5099,3,Loyal
2937,8,7,6294,1,Champion
2938,126,5,4655,3,Loyal
2939,91,4,1600,0,Need Attention
2940,95,7,4384,3,Loyal
2942,10,7,3126,1,Champion
2943,53,6,1991,0,Need Attention
2944,31,6,1458,0,Need Attention
2945,50,3,397,2,Lost
2948,112,5,2670,0,Need Attention
2950,76,3,645,2,Lost
2951,86,9,4729,3,Loyal
2952,28,5,2543,0,Need Attention
2953,76,5,2881,0,Need Attention
2954,7,5,2244,1,Champion
2955,20,8,4306,3,Loyal
2956,98,7,2683,3,Loyal
2957,99,3,2844,0,Need Attention
2958,5,6,1850,1,Champion
2959,135,3,1835,0,Need Attention
2960,89,3,2935,0,Need Attention
2961,3,6,6234,1,Champion
2962,78,3,444,2,Lost
2963,214,4,1130,0,Need Attention
2964,169,2,2411,0,Need Attention
2966,33,5,2629,0,Need Attention
2967,11,3,2466,1,Champion
2968,172,7,1644,0,Need Attention
2969,12,6,2998,1,Champion
2970,99,4,1111,0,Need Attention
2971,28,3,1511,0,Need Attention
2973,94,4,2016,0,Need Attention
2974,160,2,255,2,Lost
2975,170,3,2020,0,Need Attention
2976,7,4,3521,1,Champion
2977,10,5,1936,1,Champion
2978,148,3,827,2,Lost
2979,128,3,990,0,Need Attention
2980,16,6,2573,1,Champion
2981,53,6,1260,0,Need Attention
2982,118,7,6366,3,Loyal
2983,130,5,3344,3,Loyal
2984,159,4,3820,0,Need Attention
2985,39,10,6308,3,Loyal
2987,53,4,2029,0,Need Attention
2988,33,8,3034,3,Loyal
2989,71,9,6845,3,Loyal
2990,15,7,2584,1,Champion
2991,76,6,2602,3,Loyal
2992,10,8,6871,1,Champion
2993,10,7,4095,1,Champion
2994,16,3,179,2,Lost
2996,22,3,1751,0,Need Attention
2997,32,6,2035,3,Loyal
2998,67,3,2511,0,Need Attention
2999,9,11,8095,1,Champion
3000,43,4,3354,0,Need Attention
3001,105,4,3378,0,Need Attention
3002,45,6,1784,0,Need Attention
3003,112,9,5168,3,Loyal
3004,114,5,3550,3,Loyal
3005,190,3,2602,0,Need Attention
3007,4,7,4500,1,Champion
3011,36,4,1349,0,Need Attention
3012,4,6,6440,1,Champion
3013,5,9,3849,1,Champion
3014,20,9,4656,3,Loyal
3015,47,9,6616,3,Loyal
3016,1,5,4253,1,Champion
3017,177,4,3281,0,Need Attention
3018,20,5,1798,0,Need Attention
3019,65,3,1138,0,Need Attention
3020,23,11,2638,3,Loyal
3023,133,4,661,0,Need Attention
3025,126,2,1652,0,Need Attention
3026,93,5,1434,0,Need Attention
3027,32,5,1393,0,Need Attention
3028,54,4,2978,0,Need Attention
3029,122,4,1922,0,Need Attention
3030,25,7,2713,3,Loyal
3031,3,5,2910,1,Champion
3032,41,7,6183,3,Loyal
3033,159,2,1418,2,Lost
3034,49,5,2661,0,Need Attention
3035,39,5,2429,0,Need Attention
3036,157,5,3750,3,Loyal
3037,186,3,1404,0,Need Attention
3038,47,6,3194,3,Loyal
3041,125,2,1211,2,Lost
3042,12,6,1629,1,Champion
3043,12,4,2535,1,Champion
3044,5,9,5793,1,Champion
3045,66,5,4393,3,Loyal
3046,229,4,3172,0,Need Attention
3047,35,5,3909,3,Loyal
3048,5,12,6996,1,Champion
3052,55,2,666,2,Lost
3053,194,4,2338,0,Need Attention
3054,3,5,3330,1,Champion
3055,59,10,5955,3,Loyal
3056,20,4,1246,0,Need Attention
3057,29,7,5049,3,Loyal
3058,25,5,5935,3,Loyal
3059,143,2,2731,0,Need Attention
3060,30,11,5684,3,Loyal
3061,60,9,3232,3,Loyal
3062,47,6,2857,3,Loyal
3063,93,4,263,2,Lost
3064,56,7,2410,3,Loyal
3065,6,5,1367,1,Champion
3066,165,4,1516,0,Need Attention
3067,40,6,3575,3,Loyal
3068,80,6,3084,3,Loyal
3069,71,3,1775,0,Need Attention
3070,120,4,399,2,Lost
3071,159,4,473,2,Lost
3072,68,7,3373,3,Loyal
3073,252,3,1264,0,Need Attention
3074,11,7,4781,1,Champion
3076,210,4,1904,0,Need Attention
3077,17,7,3672,1,Champion
3078,170,3,1750,0,Need Attention
3079,132,4,1903,0,Need Attention
3080,5,9,4665,1,Champion
3081,107,6,5502,3,Loyal
3084,16,6,3082,1,Champion
3085,26,4,1493,0,Need Attention
3086,12,9,5713,1,Champion
3087,85,6,3708,3,Loyal
3089,28,4,3618,0,Need Attention
3090,199,5,3132,0,Need Attention
3091,308,2,1323,2,Lost
3092,161,3,920,2,Lost
3093,69,9,2964,3,Loyal
3094,162,7,2859,3,Loyal
3095,37,5,2799,3,Loyal
3096,16,3,2717,0,Need Attention
3097,61,3,2427,0,Need Attention
3098,39,4,2968,0,Need Attention
3100,21,4,3919,1,Champion
3101,62,3,470,2,Lost
3102,107,4,2883,0,Need Attention
3103,60,8,5040,3,Loyal
3104,50,5,3491,3,Loyal
3105,11,6,4916,1,Champion
3107,96,3,3113,0,Need Attention
3108,54,7,5916,3,Loyal
3109,170,5,3080,0,Need Attention
3110,18,3,1429,0,Need Attention
3111,49,4,1381,0,Need Attention
3112,12,8,3035,1,Champion
3113,110,8,4144,3,Loyal
3114,141,3,1755,0,Need Attention
3115,196,5,4020,3,Loyal
3117,26,9,8531,3,Loyal
3118,13,9,6243,1,Champion
3120,21,7,4179,3,Loyal
3121,49,6,3164,3,Loyal
3123,1,4,1248,1,Champion
3124,39,3,401,2,Lost
3125,10,4,1702,1,Champion
3126,41,7,4780,3,Loyal
3127,36,4,3898,0,Need Attention
3128,105,5,3687,3,Loyal
3129,17,5,3590,1,Champion
3130,1,5,3792,1,Champion
3132,24,5,3426,3,Loyal
3133,12,6,2323,1,Champion
3135,122,7,3983,3,Loyal
3136,26,4,1210,0,Need Attention
3137,117,6,1545,0,Need Attention
3138,70,4,3168,0,Need Attention
3139,12,3,1783,0,Need Attention
3140,41,3,673,2,Lost
3141,71,7,1696,3,Loyal
3142,13,4,900,0,Need Attention
3143,21,11,3361,3,Loyal
3144,65,3,665,2,Lost
3145,69,6,4067,3,Loyal
3146,55,7,6399,3,Loyal
3148,56,6,3460,3,Loyal
3149,23,3,2036,0,Need Attention
3150,88,7,1234,0,Need Attention
3151,14,9,2916,1,Champion
3152,12,6,2168,1,Champion
3153,128,5,4732,3,Loyal
3154,15,7,2243,1,Champion
3155,44,4,1250,0,Need Attention
3158,17,6,2532,1,Champion
3160,53,4,2307,0,Need Attention
3162,111,2,2133,0,Need Attention
3163,15,6,1496,1,Champion
3164,99,5,2601,0,Need Attention
3165,78,8,3167,3,Loyal
3166,48,6,4710,3,Loyal
3167,74,3,2208,0,Need Attention
3168,92,4,5170,3,Loyal
3169,1,7,4539,1,Champion
3170,45,6,4344,3,Loyal
3171,76,3,2072,0,Need Attention
3173,46,6,4681,3,Loyal
3174,25,6,2346,3,Loyal
3175,261,3,1801,0,Need Attention
3176,25,9,2701,3,Loyal
3177,69,6,2090,3,Loyal
3178,30,5,4339,3,Loyal
3179,269,1,459,2,Lost
3180,146,2,1189,2,Lost
3181,10,6,5001,1,Champion
3183,12,8,2059,1,Champion
3184,69,8,5310,3,Loyal
3185,19,7,1939,1,Champion
3187,64,5,1034,0,Need Attention
3188,117,5,1363,0,Need Attention
3189,57,2,50,2,Lost
3191,8,8,5673,1,Champion
3192,189,4,2865,0,Need Attention
3193,11,6,2362,1,Champion
3194,87,2,649,2,Lost
3195,50,8,3143,3,Loyal
3196,51,7,2929,3,Loyal
3197,4,5,2762,1,Champion
3198,102,4,3989,0,Need Attention
3199,14,8,6329,1,Champion
3200,40,5,1001,0,Need Attention
3201,22,7,5655,3,Loyal
3202,12,8,4083,1,Champion
3203,8,3,1744,1,Champion
3204,35,8,3417,3,Loyal
3205,97,6,2261,3,Loyal
3206,76,7,2991,3,Loyal
3208,54,7,3922,3,Loyal
3209,10,4,1732,1,Champion
3210,10,5,2023,1,Champion
3211,36,3,2302,0,Need Attention
3212,100,7,7666,3,Loyal
3214,69,4,2969,0,Need Attention
3215,67,7,7247,3,Loyal
3216,1,4,1236,1,Champion
3217,9,11,5564,1,Champion
3218,217,4,1382,0,Need Attention
3219,28,8,2096,3,Loyal
3220,41,8,4304,3,Loyal
3221,112,9,4743,3,Loyal
3222,16,2,808,2,Lost
3223,36,7,4540,3,Loyal
3224,52,9,4001,3,Loyal
3225,9,7,4805,1,Champion
3228,41,7,5814,3,Loyal
3230,70,5,3890,3,Loyal
3232,9,13,8903,1,Champion
3233,81,3,781,2,Lost
3234,150,2,943,2,Lost
3235,223,1,574,2,Lost
3237,177,7,3919,3,Loyal
3238,30,5,2076,0,Need Attention
3239,3,6,1768,1,Champion
3240,54,9,5085,3,Loyal
3241,8,6,3695,1,Champion
3242,50,7,8252,3,Loyal
3243,164,4,1202,0,Need Attention
3244,22,4,1007,0,Need Attention
3245,94,6,1935,0,Need Attention
3246,100,5,1947,0,Need Attention
3247,45,8,3802,3,Loyal
3248,59,4,872,0,Need Attention
3249,34,7,6210,3,Loyal
3251,8,11,6264,1,Champion
3252,19,7,2574,1,Champion
3253,6,3,4031,1,Champion
3254,32,6,1592,0,Need Attention
3255,3,6,5322,1,Champion
3256,13,10,7287,1,Champion
3257,7,3,2064,1,Champion
3258,18,8,4821,3,Loyal
3259,33,2,421,2,Lost
3260,125,3,1938,0,Need Attention
3262,2,10,4290,1,Champion
3263,24,5,843,0,Need Attention
3265,89,7,741,0,Need Attention
3266,72,7,2269,3,Loyal
3268,133,6,4250,3,Loyal
3269,36,4,1892,0,Need Attention
3270,123,5,2201,0,Need Attention
3271,91,4,1783,0,Need Attention
3272,296,1,41,2,Lost
3273,66,7,6133,3,Loyal
3275,5,4,1581,1,Champion
3276,81,5,3655,3,Loyal
3277,38,5,2535,0,Need Attention
3278,23,5,3216,3,Loyal
3279,298,1,690,2,Lost
3280,135,8,6881,3,Loyal
3281,60,2,987,2,Lost
3282,17,4,2504,0,Need Attention
3283,45,6,4368,3,Loyal
3284,279,6,2969,3,Loyal
3285,20,5,2354,1,Champion
3286,10,10,5314,1,Champion
3287,77,3,3199,0,Need Attention
3288,33,6,4430,3,Loyal
3289,70,5,3476,3,Loyal
3291,47,4,2199,0,Need Attention
3292,302,1,15,2,Lost
3293,1,5,3649,1,Champion
3294,63,4,2826,0,Need Attention
3295,20,8,5246,3,Loyal
3296,65,11,4920,3,Loyal
3297,59,6,1521,0,Need Attention
3298,5,5,4214,1,Champion
3299,31,5,2747,3,Loyal
3300,16,6,3936,1,Champion
3301,43,5,1929,0,Need Attention
3302,21,4,1428,0,Need Attention
3303,21,5,2547,1,Champion
3305,40,2,124,2,Lost
3306,41,5,3473,3,Loyal
3307,17,5,4311,1,Champion
3308,68,3,953,0,Need Attention
3309,25,5,2221,0,Need Attention
3310,52,5,3121,3,Loyal
3311,66,4,1705,0,Need Attention
3312,7,4,3123,1,Champion
3315,2,7,4892,1,Champion
3316,21,2,1924,0,Need Attention
3317,88,4,1213,0,Need Attention
3320,138,10,2739,3,Loyal
3321,97,3,324,2,Lost
3322,142,3,1066,0,Need Attention
3323,191,3,1142,0,Need Attention
3324,32,7,2986,3,Loyal
3325,46,5,3028,3,Loyal
3326,30,13,10422,3,Loyal
3327,57,7,3615,3,Loyal
3328,41,4,2068,0,Need Attention
3331,37,5,3159,3,Loyal
3332,6,6,2799,1,Champion
3333,192,5,1911,0,Need Attention
3334,74,8,2428,3,Loyal
3335,4,6,2679,1,Champion
3336,75,6,5824,3,Loyal
3339,39,5,1119,0,Need Attention
3340,114,6,2364,3,Loyal
3341,50,4,921,0,Need Attention
3343,79,5,1294,0,Need Attention
3344,11,7,3962,1,Champion
3346,49,3,1511,0,Need Attention
3347,108,5,2978,0,Need Attention
3348,130,3,1136,0,Need Attention
3349,222,5,2496,0,Need Attention
3350,39,6,5796,3,Loyal
3351,40,6,3138,3,Loyal
3352,38,6,2788,3,Loyal
3353,31,7,2608,3,Loyal
3355,1,5,2464,1,Champion
3356,5,5,2799,1,Champion
3357,36,4,1441,0,Need Attention
3358,38,6,4447,3,Loyal
3359,98,4,1120,0,Need Attention
3360,58,8,4179,3,Loyal
3361,45,6,4752,3,Loyal
3362,87,3,558,2,Lost
3363,5,6,1800,1,Champion
3364,121,5,3473,3,Loyal
3365,72,6,4003,3,Loyal
3366,45,4,2264,0,Need Attention
3367,83,6,4779,3,Loyal
3368,30,5,3153,3,Loyal
3369,77,6,2672,3,Loyal
3370,43,6,3779,3,Loyal
3371,42,9,4677,3,Loyal
3373,45,5,4048,3,Loyal
3374,2,4,5034,1,Champion
3375,13,8,4285,1,Champion
3379,21,6,5599,3,Loyal
3380,64,5,2793,0,Need Attention
3381,196,5,4829,3,Loyal
3382,20,10,4222,3,Loyal
3383,30,5,4177,3,Loyal
3385,55,3,1175,0,Need Attention
3386,8,4,2522,1,Champion
3387,83,8,5318,3,Loyal
3388,104,7,3318,3,Loyal
3389,55,6,4462,3,Loyal
3392,75,1,114,2,Lost
3393,3,5,2095,1,Champion
3394,20,5,4073,1,Champion
3396,72,2,119,2,Lost
3397,90,2,808,2,Lost
3399,38,4,3084,0,Need Attention
3400,27,4,1402,0,Need Attention
3401,67,6,3847,3,Loyal
3402,13,9,6036,1,Champion
3403,134,4,3253,0,Need Attention
3404,52,4,2430,0,Need Attention
3405,53,9,6167,3,Loyal
3406,47,10,5463,3,Loyal
3407,19,7,3471,1,Champion
3408,23,5,1355,0,Need Attention
3409,74,7,3009,3,Loyal
3411,31,7,5772,3,Loyal
3412,45,3,1834,0,Need Attention
3413,26,4,4076,0,Need Attention
3414,163,3,1734,0,Need Attention
3415,103,5,4593,3,Loyal
3417,96,8,3975,3,Loyal
3418,91,5,2033,0,Need Attention
3419,6,3,2591,1,Champion
3420,6,11,6808,1,Champion
3421,29,9,4255,3,Loyal
3422,33,5,2127,0,Need Attention
3423,78,4,751,0,Need Attention
3424,154,2,2056,0,Need Attention
3425,19,6,3350,1,Champion
3426,46,6,3713,3,Loyal
3427,2,8,3921,1,Champion
3428,92,1,509,2,Lost
3430,64,7,1653,3,Loyal
3431,29,10,6022,3,Loyal
3432,107,8,3707,3,Loyal
3433,1,10,5925,1,Champion
3434,65,5,1831,0,Need Attention
3435,137,5,2294,0,Need Attention
3437,103,5,2340,0,Need Attention
3438,175,5,3180,0,Need Attention
3439,75,6,2109,3,Loyal
3440,33,5,1243,0,Need Attention
3441,139,5,2119,0,Need Attention
3442,204,4,1535,0,Need Attention
3443,30,6,3128,3,Loyal
3444,40,2,1447,0,Need Attention
3445,15,6,3864,1,Champion
3446,5,2,308,2,Lost
3448,11,5,2616,1,Champion
3449,150,4,1541,0,Need Attention
3450,99,6,5577,3,Loyal
3451,16,9,4489,1,Champion
3452,3,2,1820,1,Champion
3453,73,6,2341,3,Loyal
3454,116,5,1340,0,Need Attention
3455,10,6,1766,1,Champion
3458,109,3,1740,0,Need Attention
3460,81,8,7584,3,Loyal
3461,137,7,4233,3,Loyal
3462,22,5,4416,3,Loyal
3463,58,4,993,0,Need Attention
3465,73,9,4256,3,Loyal
3466,69,3,272,2,Lost
3467,6,6,5135,1,Champion
3468,2,6,1705,1,Champion
3469,39,3,320,2,Lost
3470,3,8,7228,1,Champion
3471,149,4,1914,0,Need Attention
3472,6,6,2779,1,Champion
3473,13,4,1504,0,Need Attention
3474,72,5,2358,0,Need Attention
3475,4,4,2515,1,Champion
3477,65,7,3106,3,Loyal
3478,30,6,4297,3,Loyal
3481,55,7,2438,3,Loyal
3482,28,8,5549,3,Loyal
3483,118,6,2193,0,Need Attention
3484,80,6,5112,3,Loyal
3485,26,2,1720,0,Need Attention
3486,10,4,2972,1,Champion
3487,11,3,1837,0,Need Attention
3488,18,2,815,2,Lost
3489,109,6,2644,3,Loyal
3490,167,5,2379,0,Need Attention
3491,190,4,1430,0,Need Attention
3492,81,3,2193,0,Need Attention
3493,94,6,3728,3,Loyal
3494,5,4,2755,1,Champion
3495,14,7,3847,1,Champion
3496,257,4,2045,0,Need Attention
3497,53,3,1648,0,Need Attention
